"subject_url","load_time","energy_consumed","opt_level","treatment","subject_id","subject_rank"
"myoutubecom",262,62.85438,"0","JSoriginal","1","4"
"myoutubecom",219,77.132412,"0","JSoriginal","1","4"
"myoutubecom",428,78.529176,"0","JSoriginal","1","4"
"myoutubecom",231,76.666824,"0","JSoriginal","1","4"
"myoutubecom",262,78.37398,"0","JSoriginal","1","4"
"myoutubecom",261,62.204724,"0","JSoriginal","1","4"
"myoutubecom",262,75.390264,"0","JSoriginal","1","4"
"myoutubecom",347,78.33762,"0","JSoriginal","1","4"
"myoutubecom",414,76.321008,"0","JSoriginal","1","4"
"myoutubecom",232,75.545388,"0","JSoriginal","1","4"
"myoutubecom",226,63.889128,"1","JSopt1","1","4"
"myoutubecom",380,76.324968,"1","JSopt1","1","4"
"myoutubecom",219,78.50124,"1","JSopt1","1","4"
"myoutubecom",281,76.014072,"1","JSopt1","1","4"
"myoutubecom",255,77.879448,"1","JSopt1","1","4"
"myoutubecom",232,61.33086,"1","JSopt1","1","4"
"myoutubecom",274,75.149712,"1","JSopt1","1","4"
"myoutubecom",221,76.85766,"1","JSopt1","1","4"
"myoutubecom",246,76.547124,"1","JSopt1","1","4"
"myoutubecom",324,77.478732,"1","JSopt1","1","4"
"myoutubecom",922,62.05248,"2","JSopt2","1","4"
"myoutubecom",252,76.36032,"2","JSopt2","1","4"
"myoutubecom",268,77.29344,"2","JSopt2","1","4"
"myoutubecom",284,76.2048,"2","JSopt2","1","4"
"myoutubecom",292,77.60448,"2","JSopt2","1","4"
"myoutubecom",230,62.1648,"2","JSopt2","1","4"
"myoutubecom",244,75.996468,"2","JSopt2","1","4"
"myoutubecom",241,77.084352,"2","JSopt2","1","4"
"myoutubecom",276,74.442348,"2","JSopt2","1","4"
"myoutubecom",239,76.307292,"2","JSopt2","1","4"
"myoutubecom",385,61.672032,"3","JSopt3","1","4"
"myoutubecom",467,75.603024,"3","JSopt3","1","4"
"myoutubecom",395,78.733584,"3","JSopt3","1","4"
"myoutubecom",246,74.3508,"3","JSopt3","1","4"
"myoutubecom",216,77.168304,"3","JSopt3","1","4"
"myoutubecom",396,61.91442,"3","JSopt3","1","4"
"myoutubecom",932,69.78618,"3","JSopt3","1","4"
"myoutubecom",507,70.84584,"3","JSopt3","1","4"
"myoutubecom",551,55.40508,"3","JSopt3","1","4"
"myoutubecom",228,73.11654,"3","JSopt3","1","4"
"amazoncom",294,64.906452,"0","JSoriginal","2","7"
"amazoncom",389,77.454,"0","JSoriginal","2","7"
"amazoncom",935,81.481608,"0","JSoriginal","2","7"
"amazoncom",418,78.538356,"0","JSoriginal","2","7"
"amazoncom",320,79.157988,"0","JSoriginal","2","7"
"amazoncom",233,64.474704,"0","JSoriginal","2","7"
"amazoncom",230,78.715476,"0","JSoriginal","2","7"
"amazoncom",525,65.570148,"0","JSoriginal","2","7"
"amazoncom",424,79.654428,"0","JSoriginal","2","7"
"amazoncom",268,78.715476,"0","JSoriginal","2","7"
"amazoncom",243,62.33976,"1","JSopt1","2","7"
"amazoncom",223,76.87008,"1","JSopt1","2","7"
"amazoncom",226,77.96376,"1","JSopt1","2","7"
"amazoncom",254,77.02632,"1","JSopt1","2","7"
"amazoncom",304,78.43248,"1","JSopt1","2","7"
"amazoncom",337,64.831104,"1","JSopt1","2","7"
"amazoncom",256,77.14278,"1","JSopt1","2","7"
"amazoncom",239,79.012908,"1","JSopt1","2","7"
"amazoncom",335,80.727192,"1","JSopt1","2","7"
"amazoncom",228,79.947972,"1","JSopt1","2","7"
"amazoncom",276,64.051344,"2","JSopt2","2","7"
"amazoncom",368,77.078736,"2","JSopt2","2","7"
"amazoncom",456,80.490672,"2","JSopt2","2","7"
"amazoncom",222,78.009264,"2","JSopt2","2","7"
"amazoncom",283,79.87032,"2","JSopt2","2","7"
"amazoncom",224,59.257368,"2","JSopt2","2","7"
"amazoncom",232,74.769768,"2","JSopt2","2","7"
"amazoncom",227,77.872248,"2","JSopt2","2","7"
"amazoncom",212,77.096628,"2","JSopt2","2","7"
"amazoncom",249,68.25456,"2","JSopt2","2","7"
"amazoncom",229,62.0496,"3","JSopt3","2","7"
"amazoncom",241,76.01076,"3","JSopt3","2","7"
"amazoncom",276,78.802992,"3","JSopt3","2","7"
"amazoncom",298,76.78638,"3","JSopt3","2","7"
"amazoncom",247,78.647868,"3","JSopt3","2","7"
"amazoncom",280,61.020324,"3","JSopt3","2","7"
"amazoncom",281,76.702392,"3","JSopt3","2","7"
"amazoncom",243,82.136772,"3","JSopt3","2","7"
"amazoncom",251,75.615516,"3","JSopt3","2","7"
"amazoncom",468,79.031412,"3","JSopt3","2","7"
"wikipediaorg",240,70.092288,"0","JSoriginal","3","12"
"wikipediaorg",322,80.261928,"0","JSoriginal","3","12"
"wikipediaorg",263,80.105472,"0","JSoriginal","3","12"
"wikipediaorg",443,78.853824,"0","JSoriginal","3","12"
"wikipediaorg",405,81.513576,"0","JSoriginal","3","12"
"linkedincom",269,62.127324,"0","JSoriginal","3","9"
"linkedincom",435,80.280396,"0","JSoriginal","3","9"
"linkedincom",230,78.402492,"0","JSoriginal","3","9"
"linkedincom",309,77.620032,"0","JSoriginal","3","9"
"linkedincom",451,77.46354,"0","JSoriginal","3","9"
"baiducom",336,61.31664,"0","JSoriginal","3","11"
"baiducom",301,78.39216,"0","JSoriginal","3","11"
"baiducom",366,75.597984,"0","JSoriginal","3","11"
"baiducom",355,74.821824,"0","JSoriginal","3","11"
"baiducom",382,79.16832,"0","JSoriginal","3","11"
"wikipediaorg",221,63.578232,"0","JSoriginal","3","12"
"wikipediaorg",291,78.656688,"0","JSoriginal","3","12"
"wikipediaorg",265,80.988408,"0","JSoriginal","3","12"
"wikipediaorg",273,80.211168,"0","JSoriginal","3","12"
"wikipediaorg",276,81.143856,"0","JSoriginal","3","12"
"linkedincom",244,61.133508,"0","JSoriginal","3","9"
"linkedincom",385,65.489076,"0","JSoriginal","3","9"
"linkedincom",246,76.066884,"0","JSoriginal","3","9"
"linkedincom",233,75.289104,"0","JSoriginal","3","9"
"linkedincom",243,77.311332,"0","JSoriginal","3","9"
"baiducom",407,59.69502,"0","JSoriginal","3","11"
"baiducom",568,72.87444,"0","JSoriginal","3","11"
"baiducom",380,75.045168,"0","JSoriginal","3","11"
"baiducom",332,73.184544,"0","JSoriginal","3","11"
"baiducom",357,63.106164,"0","JSoriginal","3","11"
"wikipediaorg",304,62.4357,"1","JSopt1","3","12"
"wikipediaorg",338,78.6285,"1","JSopt1","3","12"
"wikipediaorg",223,82.3653,"1","JSopt1","3","12"
"wikipediaorg",389,78.1614,"1","JSopt1","3","12"
"wikipediaorg",238,77.6943,"1","JSopt1","3","12"
"baiducom",388,61.34508,"1","JSopt1","3","11"
"baiducom",326,76.254264,"1","JSopt1","3","11"
"baiducom",389,72.526968,"1","JSopt1","3","11"
"baiducom",330,75.788352,"1","JSopt1","3","11"
"baiducom",299,79.670952,"1","JSopt1","3","11"
"linkedincom",291,61.24554,"1","JSopt1","3","9"
"linkedincom",235,91.170576,"1","JSopt1","3","9"
"linkedincom",216,75.97548,"1","JSopt1","3","9"
"linkedincom",283,74.580012,"1","JSopt1","3","9"
"linkedincom",267,75.97548,"1","JSopt1","3","9"
"wikipediaorg",264,64.370376,"1","JSopt1","3","12"
"wikipediaorg",249,78.363936,"1","JSopt1","3","12"
"wikipediaorg",387,81.007164,"1","JSopt1","3","12"
"wikipediaorg",258,79.607808,"1","JSopt1","3","12"
"wikipediaorg",378,83.18394,"1","JSopt1","3","12"
"baiducom",366,62.21916,"1","JSopt1","3","11"
"baiducom",358,75.71808,"1","JSopt1","3","11"
"baiducom",535,77.58,"1","JSopt1","3","11"
"baiducom",426,74.94228,"1","JSopt1","3","11"
"baiducom",385,77.11452,"1","JSopt1","3","11"
"linkedincom",448,62.283816,"1","JSopt1","3","9"
"linkedincom",253,75.272652,"1","JSopt1","3","9"
"linkedincom",233,76.211604,"1","JSopt1","3","9"
"linkedincom",220,75.11616,"1","JSopt1","3","9"
"linkedincom",270,65.72664,"1","JSopt1","3","9"
"wikipediaorg",217,64.340568,"2","JSopt2","3","12"
"wikipediaorg",736,74.908584,"2","JSopt2","3","12"
"wikipediaorg",246,78.48306,"2","JSopt2","3","12"
"wikipediaorg",459,76.307292,"2","JSopt2","3","12"
"wikipediaorg",265,80.192592,"2","JSopt2","3","12"
"baiducom",336,61.880112,"2","JSopt2","3","11"
"baiducom",301,75.527856,"2","JSopt2","3","11"
"baiducom",589,76.458384,"2","JSopt2","3","11"
"baiducom",347,75.372768,"2","JSopt2","3","11"
"baiducom",308,77.544,"2","JSopt2","3","11"
"linkedincom",252,61.880112,"2","JSopt2","3","9"
"linkedincom",243,76.148208,"2","JSopt2","3","9"
"linkedincom",242,75.838032,"2","JSopt2","3","9"
"linkedincom",235,74.907504,"2","JSopt2","3","9"
"linkedincom",264,76.613472,"2","JSopt2","3","9"
"wikipediaorg",283,64.606464,"2","JSopt2","3","12"
"wikipediaorg",266,78.273216,"2","JSopt2","3","12"
"wikipediaorg",236,79.360344,"2","JSopt2","3","12"
"wikipediaorg",258,78.894432,"2","JSopt2","3","12"
"wikipediaorg",340,67.246632,"2","JSopt2","3","12"
"linkedincom",233,59.905656,"2","JSopt2","3","9"
"linkedincom",434,75.425256,"2","JSopt2","3","9"
"linkedincom",227,71.545356,"2","JSopt2","3","9"
"linkedincom",279,74.028492,"2","JSopt2","3","9"
"linkedincom",279,89.548092,"2","JSopt2","3","9"
"baiducom",388,64.95912,"2","JSopt2","3","11"
"baiducom",495,74.820384,"2","JSopt2","3","11"
"baiducom",478,74.037744,"2","JSopt2","3","11"
"baiducom",573,71.846352,"2","JSopt2","3","11"
"baiducom",353,73.411632,"2","JSopt2","3","11"
"linkedincom",232,59.85792,"3","JSopt3","3","9"
"linkedincom",253,73.57536,"3","JSopt3","3","9"
"linkedincom",376,74.35476,"3","JSopt3","3","9"
"linkedincom",675,73.73124,"3","JSopt3","3","9"
"linkedincom",256,76.69296,"3","JSopt3","3","9"
"baiducom",296,61.11936,"3","JSopt3","3","11"
"baiducom",339,76.2048,"3","JSopt3","3","11"
"baiducom",624,63.14112,"3","JSopt3","3","11"
"baiducom",370,76.36032,"3","JSopt3","3","11"
"baiducom",361,77.91552,"3","JSopt3","3","11"
"wikipediaorg",295,62.81064,"3","JSopt3","3","12"
"wikipediaorg",351,76.303296,"3","JSopt3","3","12"
"wikipediaorg",321,80.335584,"3","JSopt3","3","12"
"wikipediaorg",248,78.939792,"3","JSopt3","3","12"
"wikipediaorg",231,78.784704,"3","JSopt3","3","12"
"linkedincom",257,59.605524,"3","JSopt3","3","9"
"linkedincom",248,74.078928,"3","JSopt3","3","9"
"linkedincom",261,74.078928,"3","JSopt3","3","9"
"linkedincom",255,61.47306,"3","JSopt3","3","9"
"linkedincom",288,76.25772,"3","JSopt3","3","9"
"baiducom",621,58.7664,"3","JSopt3","3","11"
"baiducom",504,73.11456,"3","JSopt3","3","11"
"baiducom",455,76.32,"3","JSopt3","3","11"
"baiducom",1000,74.33568,"3","JSopt3","3","11"
"baiducom",636,74.64096,"3","JSopt3","3","11"
"wikipediaorg",532,81.9513,"3","JSopt3","3","12"
"wikipediaorg",289,79.6536,"3","JSopt3","3","12"
"wikipediaorg",310,78.42816,"3","JSopt3","3","12"
"wikipediaorg",437,76.28364,"3","JSopt3","3","12"
"wikipediaorg",241,75.97728,"3","JSopt3","3","12"
"awsamazoncom",315,63.77076,"0","JSoriginal","4","38"
"awsamazoncom",449,77.89032,"0","JSoriginal","4","38"
"awsamazoncom",371,75.09744,"0","JSoriginal","4","38"
"awsamazoncom",309,75.40776,"0","JSoriginal","4","38"
"awsamazoncom",365,76.8042,"0","JSoriginal","4","38"
"outlooklivecom",314,61.2171,"0","JSoriginal","4","17"
"outlooklivecom",287,75.63024,"0","JSoriginal","4","17"
"outlooklivecom",223,77.33502,"0","JSoriginal","4","17"
"outlooklivecom",233,75.47526,"0","JSoriginal","4","17"
"outlooklivecom",218,65.40156,"0","JSoriginal","4","17"
"applecom",241,62.4357,"0","JSoriginal","4","14"
"applecom",242,76.6044,"0","JSoriginal","4","14"
"applecom",228,78.0057,"0","JSoriginal","4","14"
"applecom",332,77.2272,"0","JSoriginal","4","14"
"applecom",228,80.4969,"0","JSoriginal","4","14"
"awsamazoncom",372,64.656684,"0","JSoriginal","4","38"
"awsamazoncom",340,78.766416,"0","JSoriginal","4","38"
"awsamazoncom",294,81.557352,"0","JSoriginal","4","38"
"awsamazoncom",361,71.32392,"0","JSoriginal","4","38"
"awsamazoncom",281,77.215896,"0","JSoriginal","4","38"
"applecom",231,60.092928,"0","JSoriginal","4","14"
"applecom",232,64.94418,"0","JSoriginal","4","14"
"applecom",252,77.46354,"0","JSoriginal","4","14"
"applecom",300,77.46354,"0","JSoriginal","4","14"
"applecom",297,78.871968,"0","JSoriginal","4","14"
"outlooklivecom",303,62.689068,"0","JSoriginal","4","17"
"outlooklivecom",230,64.711296,"0","JSoriginal","4","17"
"outlooklivecom",288,76.22244,"0","JSoriginal","4","17"
"outlooklivecom",233,75.600216,"0","JSoriginal","4","17"
"outlooklivecom",269,75.289104,"0","JSoriginal","4","17"
"awsamazoncom",381,65.100672,"1","JSopt1","4","38"
"awsamazoncom",358,69.012972,"1","JSopt1","4","38"
"awsamazoncom",324,82.784268,"1","JSopt1","4","38"
"awsamazoncom",400,79.497936,"1","JSopt1","4","38"
"awsamazoncom",480,79.184952,"1","JSopt1","4","38"
"applecom",269,65.30328,"1","JSopt1","4","14"
"applecom",237,78.208452,"1","JSopt1","4","14"
"applecom",237,86.29362,"1","JSopt1","4","14"
"applecom",243,83.494908,"1","JSopt1","4","14"
"applecom",228,84.116844,"1","JSopt1","4","14"
"outlooklivecom",275,62.305776,"1","JSopt1","4","17"
"outlooklivecom",246,75.201984,"1","JSopt1","4","17"
"outlooklivecom",289,77.221872,"1","JSopt1","4","17"
"outlooklivecom",263,73.02672,"1","JSopt1","4","17"
"outlooklivecom",253,69.297696,"1","JSopt1","4","17"
"awsamazoncom",302,62.450136,"1","JSopt1","4","38"
"awsamazoncom",452,66.810744,"1","JSopt1","4","38"
"awsamazoncom",290,80.359776,"1","JSopt1","4","38"
"awsamazoncom",389,77.400792,"1","JSopt1","4","38"
"awsamazoncom",496,80.20404,"1","JSopt1","4","38"
"applecom",240,72.16128,"1","JSopt1","4","14"
"applecom",274,76.51584,"1","JSopt1","4","14"
"applecom",254,88.6464,"1","JSopt1","4","14"
"applecom",238,83.66976,"1","JSopt1","4","14"
"applecom",228,86.93568,"1","JSopt1","4","14"
"outlooklivecom",389,62.081208,"1","JSopt1","4","17"
"outlooklivecom",236,74.995344,"1","JSopt1","4","17"
"outlooklivecom",233,76.084488,"1","JSopt1","4","17"
"outlooklivecom",214,70.0164,"1","JSopt1","4","17"
"outlooklivecom",245,78.885144,"1","JSopt1","4","17"
"applecom",237,72.618084,"2","JSopt2","4","14"
"applecom",352,85.93398,"2","JSopt2","4","14"
"applecom",256,87.017832,"2","JSopt2","4","14"
"applecom",302,85.1598,"2","JSopt2","4","14"
"applecom",382,82.682424,"2","JSopt2","4","14"
"outlooklivecom",243,62.21916,"2","JSopt2","4","17"
"outlooklivecom",232,74.63196,"2","JSopt2","4","17"
"outlooklivecom",225,62.68464,"2","JSopt2","4","17"
"outlooklivecom",1740,76.95936,"2","JSopt2","4","17"
"outlooklivecom",274,76.64904,"2","JSopt2","4","17"
"awsamazoncom",331,61.59852,"2","JSopt2","4","38"
"awsamazoncom",358,76.0284,"2","JSopt2","4","38"
"awsamazoncom",498,77.58,"2","JSopt2","4","38"
"awsamazoncom",383,76.64904,"2","JSopt2","4","38"
"awsamazoncom",536,77.26968,"2","JSopt2","4","38"
"applecom",239,71.20386,"2","JSopt2","4","14"
"applecom",246,85.28814,"2","JSopt2","4","14"
"applecom",1036,87.948504,"2","JSopt2","4","14"
"applecom",226,84.50568,"2","JSopt2","4","14"
"applecom",268,83.879712,"2","JSopt2","4","14"
"outlooklivecom",270,60.5826,"2","JSopt2","4","17"
"outlooklivecom",231,73.94184,"2","JSopt2","4","17"
"outlooklivecom",428,82.01952,"2","JSopt2","4","17"
"outlooklivecom",409,74.40786,"2","JSopt2","4","17"
"outlooklivecom",263,74.25252,"2","JSopt2","4","17"
"awsamazoncom",545,63.120816,"2","JSopt2","4","38"
"awsamazoncom",278,77.854176,"2","JSopt2","4","38"
"awsamazoncom",342,78.629616,"2","JSopt2","4","38"
"awsamazoncom",351,75.682944,"2","JSopt2","4","38"
"awsamazoncom",309,77.854176,"2","JSopt2","4","38"
"awsamazoncom",276,61.16022,"3","JSopt3","4","38"
"awsamazoncom",330,74.940624,"3","JSopt3","4","38"
"awsamazoncom",443,75.559968,"3","JSopt3","4","38"
"awsamazoncom",286,73.701936,"3","JSopt3","4","38"
"awsamazoncom",357,76.179312,"3","JSopt3","4","38"
"outlooklivecom",251,60.102648,"3","JSopt3","4","17"
"outlooklivecom",198,74.235312,"3","JSopt3","4","17"
"outlooklivecom",225,75.477744,"3","JSopt3","4","17"
"outlooklivecom",373,66.0042,"3","JSopt3","4","17"
"outlooklivecom",397,77.030784,"3","JSopt3","4","17"
"applecom",416,62.233596,"3","JSopt3","4","14"
"applecom",311,74.649276,"3","JSopt3","4","14"
"applecom",255,80.236332,"3","JSopt3","4","14"
"applecom",229,74.49408,"3","JSopt3","4","14"
"applecom",389,76.977216,"3","JSopt3","4","14"
"awsamazoncom",492,60.562404,"3","JSopt3","4","38"
"awsamazoncom",592,75.429144,"3","JSopt3","4","38"
"awsamazoncom",294,75.272652,"3","JSopt3","4","38"
"awsamazoncom",351,74.490192,"3","JSopt3","4","38"
"awsamazoncom",395,76.211604,"3","JSopt3","4","38"
"outlooklivecom",220,61.923204,"3","JSopt3","4","17"
"outlooklivecom",269,75.114864,"3","JSopt3","4","17"
"outlooklivecom",253,76.201236,"3","JSopt3","4","17"
"outlooklivecom",239,74.649276,"3","JSopt3","4","17"
"outlooklivecom",232,76.511628,"3","JSopt3","4","17"
"applecom",227,62.490096,"3","JSopt3","4","14"
"applecom",258,74.304144,"3","JSopt3","4","14"
"applecom",456,77.257656,"3","JSopt3","4","14"
"applecom",229,75.081384,"3","JSopt3","4","14"
"applecom",283,78.656688,"3","JSopt3","4","14"
"officecom",300,62.316432,"0","JSoriginal","5","42"
"officecom",480,86.188896,"0","JSoriginal","5","42"
"officecom",233,86.80896,"0","JSoriginal","5","42"
"officecom",551,85.878864,"0","JSoriginal","5","42"
"officecom",243,86.188896,"0","JSoriginal","5","42"
"officecom",266,62.886384,"0","JSoriginal","5","42"
"officecom",401,78.183072,"0","JSoriginal","5","42"
"officecom",400,86.681232,"0","JSoriginal","5","42"
"officecom",359,85.136112,"0","JSoriginal","5","42"
"officecom",246,85.908672,"0","JSoriginal","5","42"
"officecom",257,70.947864,"1","JSopt1","5","42"
"officecom",388,76.67946,"1","JSopt1","5","42"
"officecom",260,78.693264,"1","JSopt1","5","42"
"officecom",291,86.593572,"1","JSopt1","5","42"
"officecom",509,85.819032,"1","JSopt1","5","42"
"officecom",437,72.628992,"1","JSopt1","5","42"
"officecom",241,82.803312,"1","JSopt1","5","42"
"officecom",882,77.48136,"1","JSopt1","5","42"
"officecom",960,78.107472,"1","JSopt1","5","42"
"officecom",265,90.160128,"1","JSopt1","5","42"
"officecom",365,63.889128,"2","JSopt2","5","42"
"officecom",255,87.672672,"2","JSopt2","5","42"
"officecom",266,86.27364,"2","JSopt2","5","42"
"officecom",261,86.27364,"2","JSopt2","5","42"
"officecom",252,85.340952,"2","JSopt2","5","42"
"officecom",235,71.284536,"2","JSopt2","5","42"
"officecom",523,87.125544,"2","JSopt2","5","42"
"officecom",423,71.595144,"2","JSopt2","5","42"
"officecom",250,78.117912,"2","JSopt2","5","42"
"officecom",305,86.038416,"2","JSopt2","5","42"
"officecom",404,60.875388,"3","JSopt3","5","42"
"officecom",316,71.360352,"3","JSopt3","5","42"
"officecom",242,76.524588,"3","JSopt3","5","42"
"officecom",324,75.429144,"3","JSopt3","5","42"
"officecom",264,76.994064,"3","JSopt3","5","42"
"officecom",552,62.7471,"3","JSopt3","5","42"
"officecom",272,76.1373,"3","JSopt3","5","42"
"officecom",263,76.7601,"3","JSopt3","5","42"
"officecom",270,75.5145,"3","JSopt3","5","42"
"officecom",303,76.6044,"3","JSopt3","5","42"
"buzzfeedcom",458,61.68204,"0","JSoriginal","6","43"
"buzzfeedcom",357,74.54538,"0","JSoriginal","6","43"
"buzzfeedcom",410,77.02506,"0","JSoriginal","6","43"
"buzzfeedcom",465,74.54538,"0","JSoriginal","6","43"
"buzzfeedcom",498,76.56012,"0","JSoriginal","6","43"
"buzzfeedcom",1155,64.489536,"0","JSoriginal","6","43"
"buzzfeedcom",467,75.603024,"0","JSoriginal","6","43"
"buzzfeedcom",349,71.376768,"0","JSoriginal","6","43"
"buzzfeedcom",417,76.855248,"0","JSoriginal","6","43"
"buzzfeedcom",360,77.637888,"0","JSoriginal","6","43"
"buzzfeedcom",424,62.742816,"1","JSopt1","6","43"
"buzzfeedcom",382,75.943656,"1","JSopt1","6","43"
"buzzfeedcom",1012,76.564872,"1","JSopt1","6","43"
"buzzfeedcom",434,76.564872,"1","JSopt1","6","43"
"buzzfeedcom",460,77.807304,"1","JSopt1","6","43"
"buzzfeedcom",428,62.21916,"1","JSopt1","6","43"
"buzzfeedcom",464,75.40776,"1","JSopt1","6","43"
"buzzfeedcom",386,76.8042,"1","JSopt1","6","43"
"buzzfeedcom",427,75.71808,"1","JSopt1","6","43"
"buzzfeedcom",573,76.64904,"1","JSopt1","6","43"
"buzzfeedcom",466,62.454672,"2","JSopt2","6","43"
"buzzfeedcom",498,77.168304,"2","JSopt2","6","43"
"buzzfeedcom",505,79.359696,"2","JSopt2","6","43"
"buzzfeedcom",402,74.037744,"2","JSopt2","6","43"
"buzzfeedcom",466,74.976912,"2","JSopt2","6","43"
"buzzfeedcom",451,62.9028,"2","JSopt2","6","43"
"buzzfeedcom",575,79.7184,"2","JSopt2","6","43"
"buzzfeedcom",537,76.4487,"2","JSopt2","6","43"
"buzzfeedcom",400,76.6044,"2","JSopt2","6","43"
"buzzfeedcom",600,77.0715,"2","JSopt2","6","43"
"buzzfeedcom",436,62.283816,"3","JSopt3","6","43"
"buzzfeedcom",560,76.524588,"3","JSopt3","6","43"
"buzzfeedcom",462,75.89862,"3","JSopt3","6","43"
"buzzfeedcom",395,75.585636,"3","JSopt3","6","43"
"buzzfeedcom",361,62.5968,"3","JSopt3","6","43"
"buzzfeedcom",490,64.906452,"3","JSopt3","6","43"
"buzzfeedcom",386,78.22854,"3","JSopt3","6","43"
"buzzfeedcom",422,76.67946,"3","JSopt3","6","43"
"buzzfeedcom",451,75.90492,"3","JSopt3","6","43"
"buzzfeedcom",394,77.299092,"3","JSopt3","6","43"
"nlgodaddycom",450,66.33018,"0","JSoriginal","7","52"
"nlgodaddycom",518,81.39816,"0","JSoriginal","7","52"
"nlgodaddycom",351,80.7768,"0","JSoriginal","7","52"
"nlgodaddycom",512,77.82534,"0","JSoriginal","7","52"
"nlgodaddycom",402,76.73796,"0","JSoriginal","7","52"
"nlgodaddycom",303,67.991616,"0","JSoriginal","7","52"
"nlgodaddycom",358,79.634016,"0","JSoriginal","7","52"
"nlgodaddycom",313,79.94448,"0","JSoriginal","7","52"
"nlgodaddycom",314,81.186336,"0","JSoriginal","7","52"
"nlgodaddycom",340,78.39216,"0","JSoriginal","7","52"
"nlgodaddycom",609,65.2383,"1","JSopt1","7","52"
"nlgodaddycom",340,79.2513,"1","JSopt1","7","52"
"nlgodaddycom",273,64.9269,"1","JSopt1","7","52"
"nlgodaddycom",307,88.2819,"1","JSopt1","7","52"
"nlgodaddycom",345,82.521,"1","JSopt1","7","52"
"nlgodaddycom",369,65.046996,"1","JSopt1","7","52"
"nlgodaddycom",352,77.370048,"1","JSopt1","7","52"
"nlgodaddycom",288,77.682024,"1","JSopt1","7","52"
"nlgodaddycom",411,80.957772,"1","JSopt1","7","52"
"nlgodaddycom",423,57.247596,"1","JSopt1","7","52"
"nlgodaddycom",392,65.25792,"2","JSopt2","7","52"
"nlgodaddycom",346,74.58048,"2","JSopt2","7","52"
"nlgodaddycom",693,82.038528,"2","JSopt2","7","52"
"nlgodaddycom",453,77.843376,"2","JSopt2","7","52"
"nlgodaddycom",275,80.484768,"2","JSopt2","7","52"
"nlgodaddycom",439,64.48104,"2","JSopt2","7","52"
"nlgodaddycom",472,76.600368,"2","JSopt2","7","52"
"nlgodaddycom",332,77.377248,"2","JSopt2","7","52"
"nlgodaddycom",346,72.405216,"2","JSopt2","7","52"
"nlgodaddycom",421,81.5724,"2","JSopt2","7","52"
"nlgodaddycom",429,65.428704,"3","JSopt3","7","52"
"nlgodaddycom",618,79.672752,"3","JSopt3","7","52"
"nlgodaddycom",306,79.359696,"3","JSopt3","7","52"
"nlgodaddycom",299,80.298864,"3","JSopt3","7","52"
"nlgodaddycom",384,81.081504,"3","JSopt3","7","52"
"nlgodaddycom",605,63.82224,"3","JSopt3","7","52"
"nlgodaddycom",332,76.898016,"3","JSopt3","7","52"
"nlgodaddycom",375,75.49704,"3","JSopt3","7","52"
"nlgodaddycom",347,80.478288,"3","JSopt3","7","52"
"nlgodaddycom",310,80.322624,"3","JSopt3","7","52"
"mozillaorg",351,62.108748,"0","JSoriginal","8","56"
"mozillaorg",283,75.054492,"0","JSoriginal","8","56"
"mozillaorg",288,74.592144,"0","JSoriginal","8","56"
"mozillaorg",268,73.359216,"0","JSoriginal","8","56"
"mozillaorg",276,62.725212,"0","JSoriginal","8","56"
"dsalipaycom",223,68.508,"0","JSoriginal","8","53"
"dsalipaycom",264,82.8324,"0","JSoriginal","8","53"
"dsalipaycom",268,82.9881,"0","JSoriginal","8","53"
"dsalipaycom",210,82.2096,"0","JSoriginal","8","53"
"dsalipaycom",287,84.3894,"0","JSoriginal","8","53"
"mozillaorg",608,65.586996,"0","JSoriginal","8","56"
"mozillaorg",447,75.20022,"0","JSoriginal","8","56"
"mozillaorg",338,78.30126,"0","JSoriginal","8","56"
"mozillaorg",289,80.937144,"0","JSoriginal","8","56"
"mozillaorg",286,77.060844,"0","JSoriginal","8","56"
"dsalipaycom",231,70.343856,"0","JSoriginal","8","53"
"dsalipaycom",331,84.03912,"0","JSoriginal","8","53"
"dsalipaycom",917,83.26098,"0","JSoriginal","8","53"
"dsalipaycom",539,72.833904,"0","JSoriginal","8","53"
"dsalipaycom",275,85.439772,"0","JSoriginal","8","53"
"dsalipaycom",218,67.912776,"1","JSopt1","8","53"
"dsalipaycom",208,82.17756,"1","JSopt1","8","53"
"dsalipaycom",229,68.99814,"1","JSopt1","8","53"
"dsalipaycom",217,82.17756,"1","JSopt1","8","53"
"dsalipaycom",238,84.50334,"1","JSopt1","8","53"
"mozillaorg",242,63.55656,"1","JSopt1","8","56"
"mozillaorg",600,76.73292,"1","JSopt1","8","56"
"mozillaorg",271,77.197968,"1","JSopt1","8","56"
"mozillaorg",346,75.95784,"1","JSopt1","8","56"
"mozillaorg",270,77.042952,"1","JSopt1","8","56"
"dsalipaycom",224,68.17536,"1","JSopt1","8","53"
"dsalipaycom",375,82.275264,"1","JSopt1","8","53"
"dsalipaycom",209,82.740096,"1","JSopt1","8","53"
"dsalipaycom",250,81.810432,"1","JSopt1","8","53"
"dsalipaycom",214,84.754368,"1","JSopt1","8","53"
"mozillaorg",277,63.051768,"1","JSopt1","8","56"
"mozillaorg",246,78.540912,"1","JSopt1","8","56"
"mozillaorg",446,76.66344,"1","JSopt1","8","56"
"mozillaorg",246,79.636104,"1","JSopt1","8","56"
"mozillaorg",284,81.826488,"1","JSopt1","8","56"
"mozillaorg",272,61.782336,"2","JSopt2","8","56"
"mozillaorg",329,77.305536,"2","JSopt2","8","56"
"mozillaorg",332,75.753216,"2","JSopt2","8","56"
"mozillaorg",253,77.926464,"2","JSopt2","8","56"
"mozillaorg",298,76.218912,"2","JSopt2","8","56"
"dsalipaycom",218,68.054688,"2","JSopt2","8","53"
"dsalipaycom",302,82.34928,"2","JSopt2","8","53"
"dsalipaycom",295,83.747664,"2","JSopt2","8","53"
"dsalipaycom",235,82.34928,"2","JSopt2","8","53"
"dsalipaycom",241,82.504656,"2","JSopt2","8","53"
"mozillaorg",271,62.89812,"2","JSopt2","8","56"
"mozillaorg",318,78.583824,"2","JSopt2","8","56"
"mozillaorg",284,66.0042,"2","JSopt2","8","56"
"mozillaorg",325,77.030784,"2","JSopt2","8","56"
"mozillaorg",299,76.87548,"2","JSopt2","8","56"
"dsalipaycom",236,66.74976,"2","JSopt2","8","53"
"dsalipaycom",204,80.565408,"2","JSopt2","8","53"
"dsalipaycom",263,81.652032,"2","JSopt2","8","53"
"dsalipaycom",216,79.013088,"2","JSopt2","8","53"
"dsalipaycom",250,81.652032,"2","JSopt2","8","53"
"mozillaorg",500,62.7669,"3","JSopt3","8","56"
"mozillaorg",277,79.96968,"3","JSopt3","8","56"
"mozillaorg",287,80.27964,"3","JSopt3","8","56"
"mozillaorg",301,66.95136,"3","JSopt3","8","56"
"mozillaorg",331,79.0398,"3","JSopt3","8","56"
"dsalipaycom",241,60.216048,"3","JSopt3","8","53"
"dsalipaycom",205,75.114864,"3","JSopt3","8","53"
"dsalipaycom",207,76.82202,"3","JSopt3","8","53"
"dsalipaycom",202,75.425256,"3","JSopt3","8","53"
"dsalipaycom",253,76.201236,"3","JSopt3","8","53"
"mozillaorg",312,62.0064,"3","JSopt3","8","56"
"mozillaorg",287,77.508,"3","JSopt3","8","56"
"mozillaorg",304,76.112856,"3","JSopt3","8","56"
"mozillaorg",295,76.577904,"3","JSopt3","8","56"
"mozillaorg",262,76.112856,"3","JSopt3","8","56"
"dsalipaycom",231,58.704912,"3","JSopt3","8","53"
"dsalipaycom",273,73.924704,"3","JSopt3","8","53"
"dsalipaycom",239,64.917072,"3","JSopt3","8","53"
"dsalipaycom",263,74.235312,"3","JSopt3","8","53"
"dsalipaycom",261,75.633048,"3","JSopt3","8","53"
"stackoverflowcom",298,62.85438,"0","JSoriginal","9","67"
"stackoverflowcom",347,76.666824,"0","JSoriginal","9","67"
"stackoverflowcom",314,78.684372,"0","JSoriginal","9","67"
"stackoverflowcom",263,77.287608,"0","JSoriginal","9","67"
"stackoverflowcom",362,77.442804,"0","JSoriginal","9","67"
"okezonecom",278,67.55724,"0","JSoriginal","9","62"
"okezonecom",294,82.155816,"0","JSoriginal","9","62"
"okezonecom",353,79.360344,"0","JSoriginal","9","62"
"okezonecom",361,78.739128,"0","JSoriginal","9","62"
"okezonecom",259,72.371664,"0","JSoriginal","9","62"
"okezonecom",538,65.507904,"0","JSoriginal","9","62"
"okezonecom",357,83.04912,"0","JSoriginal","9","62"
"okezonecom",225,79.94448,"0","JSoriginal","9","62"
"okezonecom",393,79.634016,"0","JSoriginal","9","62"
"okezonecom",283,78.857856,"0","JSoriginal","9","62"
"stackoverflowcom",269,62.113032,"0","JSoriginal","9","67"
"stackoverflowcom",309,75.255336,"0","JSoriginal","9","67"
"stackoverflowcom",249,93.247776,"0","JSoriginal","9","67"
"stackoverflowcom",254,75.411792,"0","JSoriginal","9","67"
"stackoverflowcom",320,73.377864,"0","JSoriginal","9","67"
"okezonecom",300,65.62944,"1","JSopt1","9","62"
"okezonecom",349,84.44736,"1","JSopt1","9","62"
"okezonecom",510,77.13792,"1","JSopt1","9","62"
"okezonecom",336,76.51584,"1","JSopt1","9","62"
"okezonecom",293,79.3152,"1","JSopt1","9","62"
"stackoverflowcom",282,61.147224,"1","JSopt1","9","67"
"stackoverflowcom",522,74.649276,"1","JSopt1","9","67"
"stackoverflowcom",233,74.028492,"1","JSopt1","9","67"
"stackoverflowcom",249,73.873296,"1","JSopt1","9","67"
"stackoverflowcom",397,75.580452,"1","JSopt1","9","67"
"okezonecom",390,66.81168,"1","JSopt1","9","62"
"okezonecom",282,82.660032,"1","JSopt1","9","62"
"okezonecom",366,88.719696,"1","JSopt1","9","62"
"okezonecom",277,77.066496,"1","JSopt1","9","62"
"okezonecom",351,77.221872,"1","JSopt1","9","62"
"stackoverflowcom",306,61.712856,"1","JSopt1","9","67"
"stackoverflowcom",331,77.257656,"1","JSopt1","9","67"
"stackoverflowcom",292,64.821816,"1","JSopt1","9","67"
"stackoverflowcom",295,75.39228,"1","JSopt1","9","67"
"stackoverflowcom",334,76.791312,"1","JSopt1","9","67"
"okezonecom",502,64.501632,"2","JSopt2","9","62"
"okezonecom",316,80.62704,"2","JSopt2","9","62"
"okezonecom",312,79.696728,"2","JSopt2","9","62"
"okezonecom",252,79.07652,"2","JSopt2","9","62"
"okezonecom",702,82.022508,"2","JSopt2","9","62"
"stackoverflowcom",267,61.94232,"2","JSopt2","9","67"
"stackoverflowcom",299,64.28862,"2","JSopt2","9","67"
"stackoverflowcom",336,75.70728,"2","JSopt2","9","67"
"stackoverflowcom",262,75.8637,"2","JSopt2","9","67"
"stackoverflowcom",257,76.48938,"2","JSopt2","9","67"
"okezonecom",263,63.85176,"2","JSopt2","9","62"
"okezonecom",324,78.10992,"2","JSopt2","9","62"
"okezonecom",304,79.0398,"2","JSopt2","9","62"
"okezonecom",388,77.79996,"2","JSopt2","9","62"
"okezonecom",345,80.12466,"2","JSopt2","9","62"
"stackoverflowcom",452,60.70896,"2","JSopt2","9","67"
"stackoverflowcom",256,75.185712,"2","JSopt2","9","67"
"stackoverflowcom",265,77.832,"2","JSopt2","9","67"
"stackoverflowcom",271,73.473408,"2","JSopt2","9","67"
"stackoverflowcom",260,76.27536,"2","JSopt2","9","67"
"okezonecom",486,65.586996,"3","JSopt3","9","62"
"okezonecom",292,76.130532,"3","JSopt3","9","62"
"okezonecom",277,69.928452,"3","JSopt3","9","62"
"okezonecom",284,76.595688,"3","JSopt3","9","62"
"okezonecom",264,76.130532,"3","JSopt3","9","62"
"stackoverflowcom",277,62.28,"3","JSopt3","9","67"
"stackoverflowcom",261,77.0715,"3","JSopt3","9","67"
"stackoverflowcom",262,76.4487,"3","JSopt3","9","67"
"stackoverflowcom",269,76.4487,"3","JSopt3","9","67"
"stackoverflowcom",358,73.179,"3","JSopt3","9","67"
"okezonecom",345,62.582832,"3","JSopt3","9","62"
"okezonecom",273,78.383448,"3","JSopt3","9","62"
"okezonecom",347,76.67946,"3","JSopt3","9","62"
"okezonecom",260,77.918724,"3","JSopt3","9","62"
"okezonecom",274,78.383448,"3","JSopt3","9","62"
"stackoverflowcom",293,61.331616,"3","JSopt3","9","67"
"stackoverflowcom",334,75.964032,"3","JSopt3","9","67"
"stackoverflowcom",525,76.742352,"3","JSopt3","9","67"
"stackoverflowcom",267,75.964032,"3","JSopt3","9","67"
"stackoverflowcom",266,75.030048,"3","JSopt3","9","67"
"apacheorg",273,60.80832,"0","JSoriginal","10","80"
"apacheorg",279,74.96064,"0","JSoriginal","10","80"
"apacheorg",269,70.29504,"0","JSoriginal","10","80"
"apacheorg",277,73.0944,"0","JSoriginal","10","80"
"apacheorg",277,74.33856,"0","JSoriginal","10","80"
"apacheorg",483,61.189776,"0","JSoriginal","10","80"
"apacheorg",372,76.720176,"0","JSoriginal","10","80"
"apacheorg",278,75.633048,"0","JSoriginal","10","80"
"apacheorg",260,74.701224,"0","JSoriginal","10","80"
"apacheorg",241,75.943656,"0","JSoriginal","10","80"
"apacheorg",287,60.54048,"1","JSopt1","10","80"
"apacheorg",239,75.132288,"1","JSopt1","10","80"
"apacheorg",256,76.374144,"1","JSopt1","10","80"
"apacheorg",289,74.51136,"1","JSopt1","10","80"
"apacheorg",225,77.460768,"1","JSopt1","10","80"
"apacheorg",270,60.935436,"1","JSopt1","10","80"
"apacheorg",254,75.20022,"1","JSopt1","10","80"
"apacheorg",240,80.471988,"1","JSopt1","10","80"
"apacheorg",639,76.130532,"1","JSopt1","10","80"
"apacheorg",239,77.060844,"1","JSopt1","10","80"
"apacheorg",340,62.208,"2","JSopt2","10","80"
"apacheorg",243,75.89376,"2","JSopt2","10","80"
"apacheorg",293,77.60448,"2","JSopt2","10","80"
"apacheorg",276,75.58272,"2","JSopt2","10","80"
"apacheorg",379,78.22656,"2","JSopt2","10","80"
"apacheorg",241,62.44668,"2","JSopt2","10","80"
"apacheorg",296,75.18456,"2","JSopt2","10","80"
"apacheorg",244,77.82534,"2","JSopt2","10","80"
"apacheorg",235,75.65058,"2","JSopt2","10","80"
"apacheorg",493,76.42728,"2","JSopt2","10","80"
"apacheorg",241,61.147656,"3","JSopt3","10","80"
"apacheorg",272,70.483176,"3","JSopt3","10","80"
"apacheorg",278,77.329224,"3","JSopt3","10","80"
"apacheorg",263,76.706856,"3","JSopt3","10","80"
"apacheorg",236,77.640408,"3","JSopt3","10","80"
"apacheorg",283,61.571664,"3","JSopt3","10","80"
"apacheorg",746,76.96458,"3","JSopt3","10","80"
"apacheorg",234,66.547152,"3","JSopt3","10","80"
"apacheorg",284,76.342644,"3","JSopt3","10","80"
"apacheorg",250,76.653612,"3","JSopt3","10","80"
"theguardiancom",515,61.657848,"0","JSoriginal","11","84"
"theguardiancom",491,75.585636,"0","JSoriginal","11","84"
"theguardiancom",483,78.715476,"0","JSoriginal","11","84"
"theguardiancom",531,78.558984,"0","JSoriginal","11","84"
"theguardiancom",1205,78.089508,"0","JSoriginal","11","84"
"theguardiancom",790,64.207728,"0","JSoriginal","11","84"
"theguardiancom",487,76.986936,"0","JSoriginal","11","84"
"theguardiancom",540,79.792128,"0","JSoriginal","11","84"
"theguardiancom",530,75.740184,"0","JSoriginal","11","84"
"theguardiancom",509,77.298624,"0","JSoriginal","11","84"
"theguardiancom",543,63.535752,"1","JSopt1","11","84"
"theguardiancom",824,78.871968,"1","JSopt1","11","84"
"theguardiancom",500,79.967412,"1","JSopt1","11","84"
"theguardiancom",475,79.967412,"1","JSopt1","11","84"
"theguardiancom",512,78.089508,"1","JSopt1","11","84"
"theguardiancom",521,63.066276,"1","JSopt1","11","84"
"theguardiancom",658,76.368096,"1","JSopt1","11","84"
"theguardiancom",513,75.429144,"1","JSopt1","11","84"
"theguardiancom",569,76.524588,"1","JSopt1","11","84"
"theguardiancom",497,75.585636,"1","JSopt1","11","84"
"theguardiancom",773,64.636416,"2","JSopt2","11","84"
"theguardiancom",778,78.620256,"2","JSopt2","11","84"
"theguardiancom",694,75.668112,"2","JSopt2","11","84"
"theguardiancom",529,52.361712,"2","JSopt2","11","84"
"theguardiancom",515,81.261648,"2","JSopt2","11","84"
"theguardiancom",656,65.19744,"2","JSopt2","11","84"
"theguardiancom",487,78.857856,"2","JSopt2","11","84"
"theguardiancom",607,79.16832,"2","JSopt2","11","84"
"theguardiancom",586,77.771232,"2","JSopt2","11","84"
"theguardiancom",502,80.410176,"2","JSopt2","11","84"
"theguardiancom",496,65.16288,"3","JSopt3","11","84"
"theguardiancom",520,68.4288,"3","JSopt3","11","84"
"theguardiancom",520,77.91552,"3","JSopt3","11","84"
"theguardiancom",485,76.9824,"3","JSopt3","11","84"
"theguardiancom",541,79.00416,"3","JSopt3","11","84"
"theguardiancom",552,63.155736,"3","JSopt3","11","84"
"theguardiancom",705,77.933556,"3","JSopt3","11","84"
"theguardiancom",548,77.778,"3","JSopt3","11","84"
"theguardiancom",546,78.55578,"3","JSopt3","11","84"
"theguardiancom",539,76.22244,"3","JSopt3","11","84"
"stackexchangecom",465,61.628688,"0","JSoriginal","12","87"
"stackexchangecom",350,76.413348,"0","JSoriginal","12","87"
"stackexchangecom",423,77.191488,"0","JSoriginal","12","87"
"stackexchangecom",320,76.568976,"0","JSoriginal","12","87"
"stackexchangecom",415,63.02934,"0","JSoriginal","12","87"
"stackexchangecom",288,61.870068,"0","JSoriginal","12","87"
"stackexchangecom",369,62.025912,"0","JSoriginal","12","87"
"stackexchangecom",273,76.831092,"0","JSoriginal","12","87"
"stackexchangecom",265,76.831092,"0","JSoriginal","12","87"
"stackexchangecom",251,75.740184,"0","JSoriginal","12","87"
"stackexchangecom",249,61.17552,"1","JSopt1","12","87"
"stackexchangecom",281,75.06486,"1","JSopt1","12","87"
"stackexchangecom",340,76.62546,"1","JSopt1","12","87"
"stackexchangecom",459,74.9088,"1","JSopt1","12","87"
"stackexchangecom",308,76.62546,"1","JSopt1","12","87"
"stackexchangecom",372,61.80012,"1","JSopt1","12","87"
"stackexchangecom",345,75.411792,"1","JSopt1","12","87"
"stackexchangecom",292,76.976352,"1","JSopt1","12","87"
"stackexchangecom",540,76.037616,"1","JSopt1","12","87"
"stackexchangecom",342,79.166736,"1","JSopt1","12","87"
"stackexchangecom",238,62.83008,"2","JSopt2","12","87"
"stackexchangecom",301,52.0992,"2","JSopt2","12","87"
"stackexchangecom",258,76.67136,"2","JSopt2","12","87"
"stackexchangecom",349,74.02752,"2","JSopt2","12","87"
"stackexchangecom",998,77.76,"2","JSopt2","12","87"
"stackexchangecom",466,60.681636,"2","JSopt2","12","87"
"stackexchangecom",327,70.924572,"2","JSopt2","12","87"
"stackexchangecom",485,75.580452,"2","JSopt2","12","87"
"stackexchangecom",522,75.890844,"2","JSopt2","12","87"
"stackexchangecom",322,74.959668,"2","JSopt2","12","87"
"stackexchangecom",339,61.020324,"3","JSopt3","12","87"
"stackexchangecom",494,74.994444,"3","JSopt3","12","87"
"stackexchangecom",308,79.031412,"3","JSopt3","12","87"
"stackexchangecom",269,74.52864,"3","JSopt3","12","87"
"stackexchangecom",242,75.770784,"3","JSopt3","12","87"
"stackexchangecom",946,61.966296,"3","JSopt3","12","87"
"stackexchangecom",267,74.080008,"3","JSopt3","12","87"
"stackexchangecom",282,77.186088,"3","JSopt3","12","87"
"stackexchangecom",368,75.788352,"3","JSopt3","12","87"
"stackexchangecom",297,78.42852,"3","JSopt3","12","87"
"paypalcomp",269,62.413416,"0","JSoriginal","13","88"
"paypalcomp",303,77.590872,"0","JSoriginal","13","88"
"paypalcomp",270,79.913952,"0","JSoriginal","13","88"
"paypalcomp",400,79.294464,"0","JSoriginal","13","88"
"paypalcomp",256,78.520104,"0","JSoriginal","13","88"
"paypalcomp",319,60.935436,"0","JSoriginal","13","88"
"paypalcomp",468,76.905792,"0","JSoriginal","13","88"
"paypalcomp",476,77.370948,"0","JSoriginal","13","88"
"paypalcomp",363,78.30126,"0","JSoriginal","13","88"
"paypalcomp",261,75.665376,"0","JSoriginal","13","88"
"paypalcomp",245,192.44304,"1","JSopt1","13","88"
"paypalcomp",444,204.85872,"1","JSopt1","13","88"
"paypalcomp",231,204.85872,"1","JSopt1","13","88"
"paypalcomp",255,220.37832,"1","JSopt1","13","88"
"paypalcomp",288,180.02736,"1","JSopt1","13","88"
"paypalcomp",256,126.639936,"1","JSopt1","13","88"
"paypalcomp",363,149.298552,"1","JSopt1","13","88"
"paypalcomp",274,125.087976,"1","JSopt1","13","88"
"paypalcomp",279,124.001604,"1","JSopt1","13","88"
"paypalcomp",317,139.831596,"1","JSopt1","13","88"
"paypalcomp",424,59.733504,"2","JSopt2","13","88"
"paypalcomp",226,77.155776,"2","JSopt2","13","88"
"paypalcomp",243,68.44464,"2","JSopt2","13","88"
"paypalcomp",286,77.778,"2","JSopt2","13","88"
"paypalcomp",258,83.844684,"2","JSopt2","13","88"
"paypalcomp",238,62.631036,"2","JSopt2","13","88"
"paypalcomp",349,75.219408,"2","JSopt2","13","88"
"paypalcomp",263,76.618116,"2","JSopt2","13","88"
"paypalcomp",613,77.084352,"2","JSopt2","13","88"
"paypalcomp",255,77.084352,"2","JSopt2","13","88"
"paypalcomp",243,63.155736,"3","JSopt3","13","88"
"paypalcomp",280,84.466908,"3","JSopt3","13","88"
"paypalcomp",490,66.88908,"3","JSopt3","13","88"
"paypalcomp",249,76.844664,"3","JSopt3","13","88"
"paypalcomp",219,77.155776,"3","JSopt3","13","88"
"paypalcomp",255,61.202448,"3","JSopt3","13","88"
"paypalcomp",313,75.289968,"3","JSopt3","13","88"
"paypalcomp",287,76.855248,"3","JSopt3","13","88"
"paypalcomp",249,75.289968,"3","JSopt3","13","88"
"paypalcomp",379,76.385664,"3","JSopt3","13","88"
"forbescom",343,70.025868,"0","JSoriginal","14","102"
"forbescom",471,96.110892,"0","JSoriginal","14","102"
"forbescom",291,95.955624,"0","JSoriginal","14","102"
"forbescom",339,91.918656,"0","JSoriginal","14","102"
"forbescom",260,92.539728,"0","JSoriginal","14","102"
"bookingcom",309,63.755964,"0","JSoriginal","14","104"
"bookingcom",375,75.23514,"0","JSoriginal","14","104"
"bookingcom",267,81.284976,"0","JSoriginal","14","104"
"bookingcom",423,55.379268,"0","JSoriginal","14","104"
"bookingcom",603,77.872248,"0","JSoriginal","14","104"
"forbescom",384,81.982944,"0","JSoriginal","14","102"
"forbescom",280,83.391048,"0","JSoriginal","14","102"
"forbescom",326,81.044208,"0","JSoriginal","14","102"
"forbescom",289,96.22044,"0","JSoriginal","14","102"
"forbescom",265,96.22044,"0","JSoriginal","14","102"
"bookingcom",479,62.175852,"0","JSoriginal","14","104"
"bookingcom",315,77.526,"0","JSoriginal","14","104"
"bookingcom",409,78.30126,"0","JSoriginal","14","104"
"bookingcom",392,74.42496,"0","JSoriginal","14","104"
"bookingcom",314,76.285584,"0","JSoriginal","14","104"
"forbescom",309,66.032064,"1","JSopt1","14","102"
"forbescom",280,80.515512,"1","JSopt1","14","102"
"forbescom",288,95.466168,"1","JSopt1","14","102"
"forbescom",350,93.285864,"1","JSopt1","14","102"
"forbescom",298,96.55632,"1","JSopt1","14","102"
"bookingcom",339,62.36352,"1","JSopt1","14","104"
"bookingcom",522,75.27168,"1","JSopt1","14","104"
"bookingcom",396,76.9824,"1","JSopt1","14","104"
"bookingcom",333,76.51584,"1","JSopt1","14","104"
"bookingcom",277,78.84864,"1","JSopt1","14","104"
"forbescom",297,79.15968,"1","JSopt1","14","102"
"forbescom",308,75.27168,"1","JSopt1","14","102"
"forbescom",334,81.18144,"1","JSopt1","14","102"
"forbescom",284,93.15648,"1","JSopt1","14","102"
"forbescom",293,94.24512,"1","JSopt1","14","102"
"bookingcom",301,61.995024,"1","JSopt1","14","104"
"bookingcom",327,77.066496,"1","JSopt1","14","104"
"bookingcom",380,77.532624,"1","JSopt1","14","104"
"bookingcom",356,75.668112,"1","JSopt1","14","104"
"bookingcom",283,78.931008,"1","JSopt1","14","104"
"bookingcom",580,63.535752,"2","JSopt2","14","104"
"bookingcom",325,80.123904,"2","JSopt2","14","104"
"bookingcom",269,80.749872,"2","JSopt2","14","104"
"bookingcom",511,80.280396,"2","JSopt2","14","104"
"bookingcom",356,78.089508,"2","JSopt2","14","104"
"forbescom",447,65.223216,"2","JSopt2","14","102"
"forbescom",296,91.84176,"2","JSopt2","14","102"
"forbescom",292,93.3984,"2","JSopt2","14","102"
"forbescom",315,91.06344,"2","JSopt2","14","102"
"forbescom",266,91.686096,"2","JSopt2","14","102"
"bookingcom",268,62.3088,"2","JSopt2","14","104"
"bookingcom",396,63.243432,"2","JSopt2","14","104"
"bookingcom",255,79.599492,"2","JSopt2","14","104"
"bookingcom",274,80.22258,"2","JSopt2","14","104"
"bookingcom",270,75.860964,"2","JSopt2","14","104"
"forbescom",320,65.16288,"2","JSopt2","14","102"
"forbescom",253,93.62304,"2","JSopt2","14","102"
"forbescom",374,93.00096,"2","JSopt2","14","102"
"forbescom",323,93.93408,"2","JSopt2","14","102"
"forbescom",280,90.35712,"2","JSopt2","14","102"
"bookingcom",576,61.51572,"3","JSopt3","14","104"
"bookingcom",351,72.884448,"3","JSopt3","14","104"
"bookingcom",273,74.75328,"3","JSopt3","14","104"
"bookingcom",284,66.655008,"3","JSopt3","14","104"
"bookingcom",422,77.868,"3","JSopt3","14","104"
"forbescom",527,62.892648,"3","JSopt3","14","102"
"forbescom",294,78.073632,"3","JSopt3","14","102"
"forbescom",295,96.352776,"3","JSopt3","14","102"
"forbescom",288,77.454,"3","JSopt3","14","102"
"forbescom",385,72.651852,"3","JSopt3","14","102"
"bookingcom",317,64.07424,"3","JSopt3","14","104"
"bookingcom",371,76.04928,"3","JSopt3","14","104"
"bookingcom",272,76.82688,"3","JSopt3","14","104"
"bookingcom",595,77.13792,"3","JSopt3","14","104"
"bookingcom",275,76.9824,"3","JSopt3","14","104"
"forbescom",324,62.175852,"3","JSopt3","14","102"
"forbescom",300,74.269908,"3","JSopt3","14","102"
"forbescom",370,77.060844,"3","JSopt3","14","102"
"forbescom",582,77.060844,"3","JSopt3","14","102"
"forbescom",326,77.370948,"3","JSopt3","14","102"
"bbccom",523,63.491904,"0","JSoriginal","15","109"
"bbccom",419,76.159008,"0","JSoriginal","15","109"
"bbccom",443,71.467488,"0","JSoriginal","15","109"
"bbccom",433,77.41008,"0","JSoriginal","15","109"
"bbccom",410,78.348384,"0","JSoriginal","15","109"
"bbccom",466,62.352,"0","JSoriginal","15","109"
"bbccom",747,76.06944,"0","JSoriginal","15","109"
"bbccom",497,78.09588,"0","JSoriginal","15","109"
"bbccom",473,75.6018,"0","JSoriginal","15","109"
"bbccom",454,77.94,"0","JSoriginal","15","109"
"bbccom",1103,62.909784,"1","JSopt1","15","109"
"bbccom",1116,76.837572,"1","JSopt1","15","109"
"bbccom",485,79.654428,"1","JSopt1","15","109"
"bbccom",347,76.211604,"1","JSopt1","15","109"
"bbccom",436,77.933016,"1","JSopt1","15","109"
"bbccom",477,66.196116,"1","JSopt1","15","109"
"bbccom",562,77.46354,"1","JSopt1","15","109"
"bbccom",440,75.89862,"1","JSopt1","15","109"
"bbccom",439,74.3337,"1","JSopt1","15","109"
"bbccom",265,76.368096,"1","JSopt1","15","109"
"bbccom",382,61.81434,"2","JSopt2","15","109"
"bbccom",424,75.742128,"2","JSopt2","15","109"
"bbccom",501,62.909784,"2","JSopt2","15","109"
"bbccom",328,75.89862,"2","JSopt2","15","109"
"bbccom",443,78.246,"2","JSopt2","15","109"
"bbccom",458,63.1314,"2","JSopt2","15","109"
"bbccom",491,75.75768,"2","JSopt2","15","109"
"bbccom",491,77.47236,"2","JSopt2","15","109"
"bbccom",525,75.29004,"2","JSopt2","15","109"
"bbccom",456,77.62824,"2","JSopt2","15","109"
"bbccom",391,61.9632,"3","JSopt3","15","109"
"bbccom",606,66.300624,"3","JSopt3","15","109"
"bbccom",252,76.834368,"3","JSopt3","15","109"
"bbccom",588,76.214736,"3","JSopt3","15","109"
"bbccom",284,76.524552,"3","JSopt3","15","109"
"bbccom",455,60.935616,"3","JSopt3","15","109"
"bbccom",380,72.905112,"3","JSopt3","15","109"
"bbccom",430,77.102208,"3","JSopt3","15","109"
"bbccom",466,61.246512,"3","JSopt3","15","109"
"bbccom",503,74.304144,"3","JSopt3","15","109"
"amazonin",380,64.095948,"0","JSoriginal","16","143"
"amazonin",264,77.908392,"0","JSoriginal","16","143"
"amazonin",454,79.615548,"0","JSoriginal","16","143"
"amazonin",244,76.04604,"0","JSoriginal","16","143"
"amazonin",234,78.994764,"0","JSoriginal","16","143"
"amazonin",529,63.106164,"0","JSoriginal","16","143"
"amazonin",252,77.681052,"0","JSoriginal","16","143"
"amazonin",226,80.782092,"0","JSoriginal","16","143"
"amazonin",250,68.688036,"0","JSoriginal","16","143"
"amazonin",255,77.991156,"0","JSoriginal","16","143"
"amazonin",326,63.496224,"1","JSopt1","16","143"
"amazonin",665,78.903396,"1","JSopt1","16","143"
"amazonin",268,76.724604,"1","JSopt1","16","143"
"amazonin",431,77.347116,"1","JSopt1","16","143"
"amazonin",470,70.0326,"1","JSopt1","16","143"
"amazonin",294,62.138664,"1","JSopt1","16","143"
"amazonin",260,77.245056,"1","JSopt1","16","143"
"amazonin",265,79.42536,"1","JSopt1","16","143"
"amazonin",229,82.384344,"1","JSopt1","16","143"
"amazonin",246,70.392672,"1","JSopt1","16","143"
"amazonin",227,63.706896,"2","JSopt2","16","143"
"amazonin",378,73.56816,"2","JSopt2","16","143"
"amazonin",329,76.229136,"2","JSopt2","16","143"
"amazonin",247,74.507328,"2","JSopt2","16","143"
"amazonin",294,76.385664,"2","JSopt2","16","143"
"amazonin",338,62.127324,"2","JSopt2","16","143"
"amazonin",247,75.11616,"2","JSopt2","16","143"
"amazonin",350,80.280396,"2","JSopt2","16","143"
"amazonin",510,76.524588,"2","JSopt2","16","143"
"amazonin",374,80.123904,"2","JSopt2","16","143"
"amazonin",327,61.822656,"3","JSopt3","16","143"
"amazonin",1022,76.387392,"3","JSopt3","16","143"
"amazonin",256,79.486272,"3","JSopt3","16","143"
"amazonin",407,76.232448,"3","JSopt3","16","143"
"amazonin",298,77.626944,"3","JSopt3","16","143"
"amazonin",254,61.30242,"3","JSopt3","16","143"
"amazonin",324,65.027124,"3","JSopt3","16","143"
"amazonin",515,78.063588,"3","JSopt3","16","143"
"amazonin",425,77.442804,"3","JSopt3","16","143"
"amazonin",246,77.132412,"3","JSopt3","16","143"
