"device","subject","run_id","energy_consumed","load_time"
"nexus5x","http1042018080wwwmozillaorgwwwmozillaorgen-us0indexhtml",1,62.108748,351
"nexus5x","http1042018080wwwmozillaorgwwwmozillaorgen-us0indexhtml",2,75.054492,283
"nexus5x","http1042018080wwwmozillaorgwwwmozillaorgen-us0indexhtml",3,74.592144,288
"nexus5x","http1042018080wwwmozillaorgwwwmozillaorgen-us0indexhtml",4,73.359216,268
"nexus5x","http1042018080wwwmozillaorgwwwmozillaorgen-us0indexhtml",5,62.725212,276
"nexus5x","http1042018080stackexchangecomstackexchangecom1indexhtml",1,61.17552,249
"nexus5x","http1042018080stackexchangecomstackexchangecom1indexhtml",2,75.06486,281
"nexus5x","http1042018080stackexchangecomstackexchangecom1indexhtml",3,76.62546,340
"nexus5x","http1042018080stackexchangecomstackexchangecom1indexhtml",4,74.9088,459
"nexus5x","http1042018080stackexchangecomstackexchangecom1indexhtml",5,76.62546,308
"nexus5x","http1042018080wwwamazoncomwwwamazoncom1indexhtml",1,62.33976,243
"nexus5x","http1042018080wwwamazoncomwwwamazoncom1indexhtml",2,76.87008,223
"nexus5x","http1042018080wwwamazoncomwwwamazoncom1indexhtml",3,77.96376,226
"nexus5x","http1042018080wwwamazoncomwwwamazoncom1indexhtml",4,77.02632,254
"nexus5x","http1042018080wwwamazoncomwwwamazoncom1indexhtml",5,78.43248,304
"nexus5x","http1042018080wwwwikipediaorgwwwwikipediaorg0indexhtml",1,70.092288,240
"nexus5x","http1042018080wwwwikipediaorgwwwwikipediaorg0indexhtml",2,80.261928,322
"nexus5x","http1042018080wwwwikipediaorgwwwwikipediaorg0indexhtml",3,80.105472,263
"nexus5x","http1042018080wwwwikipediaorgwwwwikipediaorg0indexhtml",4,78.853824,443
"nexus5x","http1042018080wwwwikipediaorgwwwwikipediaorg0indexhtml",5,81.513576,405
"nexus5x","http1042018080myoutubecommyoutubecom1indexhtml",1,63.889128,226
"nexus5x","http1042018080myoutubecommyoutubecom1indexhtml",2,76.324968,380
"nexus5x","http1042018080myoutubecommyoutubecom1indexhtml",3,78.50124,219
"nexus5x","http1042018080myoutubecommyoutubecom1indexhtml",4,76.014072,281
"nexus5x","http1042018080myoutubecommyoutubecom1indexhtml",5,77.879448,255
"nexus5x","http1042018080stackoverflowcomstackoverflowcom0indexhtml",1,62.85438,298
"nexus5x","http1042018080stackoverflowcomstackoverflowcom0indexhtml",2,76.666824,347
"nexus5x","http1042018080stackoverflowcomstackoverflowcom0indexhtml",3,78.684372,314
"nexus5x","http1042018080stackoverflowcomstackoverflowcom0indexhtml",4,77.287608,263
"nexus5x","http1042018080stackoverflowcomstackoverflowcom0indexhtml",5,77.442804,362
"nexus5x","http1042018080wwwamazoncomwwwamazoncom2indexhtml",1,64.051344,276
"nexus5x","http1042018080wwwamazoncomwwwamazoncom2indexhtml",2,77.078736,368
"nexus5x","http1042018080wwwamazoncomwwwamazoncom2indexhtml",3,80.490672,456
"nexus5x","http1042018080wwwamazoncomwwwamazoncom2indexhtml",4,78.009264,222
"nexus5x","http1042018080wwwamazoncomwwwamazoncom2indexhtml",5,79.87032,283
"nexus5x","http1042018080wwwmozillaorgwwwmozillaorgen-us3indexhtml",1,62.7669,500
"nexus5x","http1042018080wwwmozillaorgwwwmozillaorgen-us3indexhtml",2,79.96968,277
"nexus5x","http1042018080wwwmozillaorgwwwmozillaorgen-us3indexhtml",3,80.27964,287
"nexus5x","http1042018080wwwmozillaorgwwwmozillaorgen-us3indexhtml",4,66.95136,301
"nexus5x","http1042018080wwwmozillaorgwwwmozillaorgen-us3indexhtml",5,79.0398,331
"nexus5x","http1042018080wwwapplecomwwwapplecom2indexhtml",1,72.618084,237
"nexus5x","http1042018080wwwapplecomwwwapplecom2indexhtml",2,85.93398,352
"nexus5x","http1042018080wwwapplecomwwwapplecom2indexhtml",3,87.017832,256
"nexus5x","http1042018080wwwapplecomwwwapplecom2indexhtml",4,85.1598,302
"nexus5x","http1042018080wwwapplecomwwwapplecom2indexhtml",5,82.682424,382
"nexus5x","http1042018080wwwbookingcomwwwbookingcom2indexhtml",1,63.535752,580
"nexus5x","http1042018080wwwbookingcomwwwbookingcom2indexhtml",2,80.123904,325
"nexus5x","http1042018080wwwbookingcomwwwbookingcom2indexhtml",3,80.749872,269
"nexus5x","http1042018080wwwbookingcomwwwbookingcom2indexhtml",4,80.280396,511
"nexus5x","http1042018080wwwbookingcomwwwbookingcom2indexhtml",5,78.089508,356
"nexus5x","http1042018080wwwlinkedincomwwwlinkedincom0indexhtml",1,62.127324,269
"nexus5x","http1042018080wwwlinkedincomwwwlinkedincom0indexhtml",2,80.280396,435
"nexus5x","http1042018080wwwlinkedincomwwwlinkedincom0indexhtml",3,78.402492,230
"nexus5x","http1042018080wwwlinkedincomwwwlinkedincom0indexhtml",4,77.620032,309
"nexus5x","http1042018080wwwlinkedincomwwwlinkedincom0indexhtml",5,77.46354,451
"nexus5x","http1042018080myoutubecommyoutubecom2indexhtml",1,62.05248,922
"nexus5x","http1042018080myoutubecommyoutubecom2indexhtml",2,76.36032,252
"nexus5x","http1042018080myoutubecommyoutubecom2indexhtml",3,77.29344,268
"nexus5x","http1042018080myoutubecommyoutubecom2indexhtml",4,76.2048,284
"nexus5x","http1042018080myoutubecommyoutubecom2indexhtml",5,77.60448,292
"nexus5x","http1042018080wwwokezonecomwwwokezonecom0indexhtml",1,67.55724,278
"nexus5x","http1042018080wwwokezonecomwwwokezonecom0indexhtml",2,82.155816,294
"nexus5x","http1042018080wwwokezonecomwwwokezonecom0indexhtml",3,79.360344,353
"nexus5x","http1042018080wwwokezonecomwwwokezonecom0indexhtml",4,78.739128,361
"nexus5x","http1042018080wwwokezonecomwwwokezonecom0indexhtml",5,72.371664,259
"nexus5x","http1042018080myoutubecommyoutubecom0indexhtml",1,62.85438,262
"nexus5x","http1042018080myoutubecommyoutubecom0indexhtml",2,77.132412,219
"nexus5x","http1042018080myoutubecommyoutubecom0indexhtml",3,78.529176,428
"nexus5x","http1042018080myoutubecommyoutubecom0indexhtml",4,76.666824,231
"nexus5x","http1042018080myoutubecommyoutubecom0indexhtml",5,78.37398,262
"nexus5x","http1042018080wwwokezonecomwwwokezonecom2indexhtml",1,64.501632,502
"nexus5x","http1042018080wwwokezonecomwwwokezonecom2indexhtml",2,80.62704,316
"nexus5x","http1042018080wwwokezonecomwwwokezonecom2indexhtml",3,79.696728,312
"nexus5x","http1042018080wwwokezonecomwwwokezonecom2indexhtml",4,79.07652,252
"nexus5x","http1042018080wwwokezonecomwwwokezonecom2indexhtml",5,82.022508,702
"nexus5x","http1042018080wwwamazoncomwwwamazoncom0indexhtml",1,64.906452,294
"nexus5x","http1042018080wwwamazoncomwwwamazoncom0indexhtml",2,77.454,389
"nexus5x","http1042018080wwwamazoncomwwwamazoncom0indexhtml",3,81.481608,935
"nexus5x","http1042018080wwwamazoncomwwwamazoncom0indexhtml",4,78.538356,418
"nexus5x","http1042018080wwwamazoncomwwwamazoncom0indexhtml",5,79.157988,320
"nexus5x","http1042018080awsamazoncomawsamazoncom1indexhtml",1,65.100672,381
"nexus5x","http1042018080awsamazoncomawsamazoncom1indexhtml",2,69.012972,358
"nexus5x","http1042018080awsamazoncomawsamazoncom1indexhtml",3,82.784268,324
"nexus5x","http1042018080awsamazoncomawsamazoncom1indexhtml",4,79.497936,400
"nexus5x","http1042018080awsamazoncomawsamazoncom1indexhtml",5,79.184952,480
"nexus5x","http1042018080wwwforbescomwwwforbescom1indexhtml",1,66.032064,309
"nexus5x","http1042018080wwwforbescomwwwforbescom1indexhtml",2,80.515512,280
"nexus5x","http1042018080wwwforbescomwwwforbescom1indexhtml",3,95.466168,288
"nexus5x","http1042018080wwwforbescomwwwforbescom1indexhtml",4,93.285864,350
"nexus5x","http1042018080wwwforbescomwwwforbescom1indexhtml",5,96.55632,298
"nexus5x","http1042018080apacheorgapacheorg2indexhtml",1,62.208,340
"nexus5x","http1042018080apacheorgapacheorg2indexhtml",2,75.89376,243
"nexus5x","http1042018080apacheorgapacheorg2indexhtml",3,77.60448,293
"nexus5x","http1042018080apacheorgapacheorg2indexhtml",4,75.58272,276
"nexus5x","http1042018080apacheorgapacheorg2indexhtml",5,78.22656,379
"nexus5x","http1042018080nlgodaddycomnlgodaddycom0indexhtml",1,66.33018,450
"nexus5x","http1042018080nlgodaddycomnlgodaddycom0indexhtml",2,81.39816,518
"nexus5x","http1042018080nlgodaddycomnlgodaddycom0indexhtml",3,80.7768,351
"nexus5x","http1042018080nlgodaddycomnlgodaddycom0indexhtml",4,77.82534,512
"nexus5x","http1042018080nlgodaddycomnlgodaddycom0indexhtml",5,76.73796,402
"nexus5x","http1042018080apacheorgapacheorg1indexhtml",1,60.54048,287
"nexus5x","http1042018080apacheorgapacheorg1indexhtml",2,75.132288,239
"nexus5x","http1042018080apacheorgapacheorg1indexhtml",3,76.374144,256
"nexus5x","http1042018080apacheorgapacheorg1indexhtml",4,74.51136,289
"nexus5x","http1042018080apacheorgapacheorg1indexhtml",5,77.460768,225
"nexus5x","http1042018080dsalipaycomdsalipaycom1indexhtml",1,67.912776,218
"nexus5x","http1042018080dsalipaycomdsalipaycom1indexhtml",2,82.17756,208
"nexus5x","http1042018080dsalipaycomdsalipaycom1indexhtml",3,68.99814,229
"nexus5x","http1042018080dsalipaycomdsalipaycom1indexhtml",4,82.17756,217
"nexus5x","http1042018080dsalipaycomdsalipaycom1indexhtml",5,84.50334,238
"nexus5x","http1042018080wwwbuzzfeedcomwwwbuzzfeedcom0indexhtml",1,61.68204,458
"nexus5x","http1042018080wwwbuzzfeedcomwwwbuzzfeedcom0indexhtml",2,74.54538,357
"nexus5x","http1042018080wwwbuzzfeedcomwwwbuzzfeedcom0indexhtml",3,77.02506,410
"nexus5x","http1042018080wwwbuzzfeedcomwwwbuzzfeedcom0indexhtml",4,74.54538,465
"nexus5x","http1042018080wwwbuzzfeedcomwwwbuzzfeedcom0indexhtml",5,76.56012,498
"nexus5x","http1042018080wwwofficecomwwwofficecom3indexhtml",1,60.875388,404
"nexus5x","http1042018080wwwofficecomwwwofficecom3indexhtml",2,71.360352,316
"nexus5x","http1042018080wwwofficecomwwwofficecom3indexhtml",3,76.524588,242
"nexus5x","http1042018080wwwofficecomwwwofficecom3indexhtml",4,75.429144,324
"nexus5x","http1042018080wwwofficecomwwwofficecom3indexhtml",5,76.994064,264
"nexus5x","http1042018080wwwwikipediaorgwwwwikipediaorg1indexhtml",1,62.4357,304
"nexus5x","http1042018080wwwwikipediaorgwwwwikipediaorg1indexhtml",2,78.6285,338
"nexus5x","http1042018080wwwwikipediaorgwwwwikipediaorg1indexhtml",3,82.3653,223
"nexus5x","http1042018080wwwwikipediaorgwwwwikipediaorg1indexhtml",4,78.1614,389
"nexus5x","http1042018080wwwwikipediaorgwwwwikipediaorg1indexhtml",5,77.6943,238
"nexus5x","http1042018080wwwbookingcomwwwbookingcom1indexhtml",1,62.36352,339
"nexus5x","http1042018080wwwbookingcomwwwbookingcom1indexhtml",2,75.27168,522
"nexus5x","http1042018080wwwbookingcomwwwbookingcom1indexhtml",3,76.9824,396
"nexus5x","http1042018080wwwbookingcomwwwbookingcom1indexhtml",4,76.51584,333
"nexus5x","http1042018080wwwbookingcomwwwbookingcom1indexhtml",5,78.84864,277
"nexus5x","http1042018080wwwtheguardiancomwwwtheguardiancom2internationalhtml",1,64.636416,773
"nexus5x","http1042018080wwwtheguardiancomwwwtheguardiancom2internationalhtml",2,78.620256,778
"nexus5x","http1042018080wwwtheguardiancomwwwtheguardiancom2internationalhtml",3,75.668112,694
"nexus5x","http1042018080wwwtheguardiancomwwwtheguardiancom2internationalhtml",4,52.361712,529
"nexus5x","http1042018080wwwtheguardiancomwwwtheguardiancom2internationalhtml",5,81.261648,515
"nexus5x","http1042018080wwwamazoninwwwamazonin0indexhtml",1,64.095948,380
"nexus5x","http1042018080wwwamazoninwwwamazonin0indexhtml",2,77.908392,264
"nexus5x","http1042018080wwwamazoninwwwamazonin0indexhtml",3,79.615548,454
"nexus5x","http1042018080wwwamazoninwwwamazonin0indexhtml",4,76.04604,244
"nexus5x","http1042018080wwwamazoninwwwamazonin0indexhtml",5,78.994764,234
"nexus5x","http1042018080wwwokezonecomwwwokezonecom3indexhtml",1,65.586996,486
"nexus5x","http1042018080wwwokezonecomwwwokezonecom3indexhtml",2,76.130532,292
"nexus5x","http1042018080wwwokezonecomwwwokezonecom3indexhtml",3,69.928452,277
"nexus5x","http1042018080wwwokezonecomwwwokezonecom3indexhtml",4,76.595688,284
"nexus5x","http1042018080wwwokezonecomwwwokezonecom3indexhtml",5,76.130532,264
"nexus5x","http1042018080awsamazoncomawsamazoncom3indexhtml",1,61.16022,276
"nexus5x","http1042018080awsamazoncomawsamazoncom3indexhtml",2,74.940624,330
"nexus5x","http1042018080awsamazoncomawsamazoncom3indexhtml",3,75.559968,443
"nexus5x","http1042018080awsamazoncomawsamazoncom3indexhtml",4,73.701936,286
"nexus5x","http1042018080awsamazoncomawsamazoncom3indexhtml",5,76.179312,357
"nexus5x","http1042018080wwwbuzzfeedcomwwwbuzzfeedcom2indexhtml",1,62.454672,466
"nexus5x","http1042018080wwwbuzzfeedcomwwwbuzzfeedcom2indexhtml",2,77.168304,498
"nexus5x","http1042018080wwwbuzzfeedcomwwwbuzzfeedcom2indexhtml",3,79.359696,505
"nexus5x","http1042018080wwwbuzzfeedcomwwwbuzzfeedcom2indexhtml",4,74.037744,402
"nexus5x","http1042018080wwwbuzzfeedcomwwwbuzzfeedcom2indexhtml",5,74.976912,466
"nexus5x","http1042018080wwwforbescomwwwforbescom2indexhtml",1,65.223216,447
"nexus5x","http1042018080wwwforbescomwwwforbescom2indexhtml",2,91.84176,296
"nexus5x","http1042018080wwwforbescomwwwforbescom2indexhtml",3,93.3984,292
"nexus5x","http1042018080wwwforbescomwwwforbescom2indexhtml",4,91.06344,315
"nexus5x","http1042018080wwwforbescomwwwforbescom2indexhtml",5,91.686096,266
"nexus5x","http1042018080wwwwikipediaorgwwwwikipediaorg2indexhtml",1,64.340568,217
"nexus5x","http1042018080wwwwikipediaorgwwwwikipediaorg2indexhtml",2,74.908584,736
"nexus5x","http1042018080wwwwikipediaorgwwwwikipediaorg2indexhtml",3,78.48306,246
"nexus5x","http1042018080wwwwikipediaorgwwwwikipediaorg2indexhtml",4,76.307292,459
"nexus5x","http1042018080wwwwikipediaorgwwwwikipediaorg2indexhtml",5,80.192592,265
"nexus5x","http1042018080outlooklivecomoutlooklivecomowa3indexhtml",1,60.102648,251
"nexus5x","http1042018080outlooklivecomoutlooklivecomowa3indexhtml",2,74.235312,198
"nexus5x","http1042018080outlooklivecomoutlooklivecomowa3indexhtml",3,75.477744,225
"nexus5x","http1042018080outlooklivecomoutlooklivecomowa3indexhtml",4,66.0042,373
"nexus5x","http1042018080outlooklivecomoutlooklivecomowa3indexhtml",5,77.030784,397
"nexus5x","http1042018080awsamazoncomawsamazoncom0indexhtml",1,63.77076,315
"nexus5x","http1042018080awsamazoncomawsamazoncom0indexhtml",2,77.89032,449
"nexus5x","http1042018080awsamazoncomawsamazoncom0indexhtml",3,75.09744,371
"nexus5x","http1042018080awsamazoncomawsamazoncom0indexhtml",4,75.40776,309
"nexus5x","http1042018080awsamazoncomawsamazoncom0indexhtml",5,76.8042,365
"nexus5x","http1042018080wwwofficecomwwwofficecom0indexhtml",1,62.316432,300
"nexus5x","http1042018080wwwofficecomwwwofficecom0indexhtml",2,86.188896,480
"nexus5x","http1042018080wwwofficecomwwwofficecom0indexhtml",3,86.80896,233
"nexus5x","http1042018080wwwofficecomwwwofficecom0indexhtml",4,85.878864,551
"nexus5x","http1042018080wwwofficecomwwwofficecom0indexhtml",5,86.188896,243
"nexus5x","http1042018080wwwofficecomwwwofficecom1indexhtml",1,70.947864,257
"nexus5x","http1042018080wwwofficecomwwwofficecom1indexhtml",2,76.67946,388
"nexus5x","http1042018080wwwofficecomwwwofficecom1indexhtml",3,78.693264,260
"nexus5x","http1042018080wwwofficecomwwwofficecom1indexhtml",4,86.593572,291
"nexus5x","http1042018080wwwofficecomwwwofficecom1indexhtml",5,85.819032,509
"nexus5x","http1042018080wwwbuzzfeedcomwwwbuzzfeedcom3indexhtml",1,62.283816,436
"nexus5x","http1042018080wwwbuzzfeedcomwwwbuzzfeedcom3indexhtml",2,76.524588,560
"nexus5x","http1042018080wwwbuzzfeedcomwwwbuzzfeedcom3indexhtml",3,75.89862,462
"nexus5x","http1042018080wwwbuzzfeedcomwwwbuzzfeedcom3indexhtml",4,75.585636,395
"nexus5x","http1042018080wwwbuzzfeedcomwwwbuzzfeedcom3indexhtml",5,62.5968,361
"nexus5x","http1042018080stackexchangecomstackexchangecom0indexhtml",1,61.628688,465
"nexus5x","http1042018080stackexchangecomstackexchangecom0indexhtml",2,76.413348,350
"nexus5x","http1042018080stackexchangecomstackexchangecom0indexhtml",3,77.191488,423
"nexus5x","http1042018080stackexchangecomstackexchangecom0indexhtml",4,76.568976,320
"nexus5x","http1042018080stackexchangecomstackexchangecom0indexhtml",5,63.02934,415
"nexus5x","http1042018080wwwapplecomwwwapplecom1indexhtml",1,65.30328,269
"nexus5x","http1042018080wwwapplecomwwwapplecom1indexhtml",2,78.208452,237
"nexus5x","http1042018080wwwapplecomwwwapplecom1indexhtml",3,86.29362,237
"nexus5x","http1042018080wwwapplecomwwwapplecom1indexhtml",4,83.494908,243
"nexus5x","http1042018080wwwapplecomwwwapplecom1indexhtml",5,84.116844,228
"nexus5x","http1042018080stackexchangecomstackexchangecom3indexhtml",1,61.020324,339
"nexus5x","http1042018080stackexchangecomstackexchangecom3indexhtml",2,74.994444,494
"nexus5x","http1042018080stackexchangecomstackexchangecom3indexhtml",3,79.031412,308
"nexus5x","http1042018080stackexchangecomstackexchangecom3indexhtml",4,74.52864,269
"nexus5x","http1042018080stackexchangecomstackexchangecom3indexhtml",5,75.770784,242
"nexus5x","http1042018080wwwpaypalcomwwwpaypalcomnl1homehtml",1,192.44304,245
"nexus5x","http1042018080wwwpaypalcomwwwpaypalcomnl1homehtml",2,204.85872,444
"nexus5x","http1042018080wwwpaypalcomwwwpaypalcomnl1homehtml",3,204.85872,231
"nexus5x","http1042018080wwwpaypalcomwwwpaypalcomnl1homehtml",4,220.37832,255
"nexus5x","http1042018080wwwpaypalcomwwwpaypalcomnl1homehtml",5,180.02736,288
"nexus5x","http1042018080stackoverflowcomstackoverflowcom2indexhtml",1,61.94232,267
"nexus5x","http1042018080stackoverflowcomstackoverflowcom2indexhtml",2,64.28862,299
"nexus5x","http1042018080stackoverflowcomstackoverflowcom2indexhtml",3,75.70728,336
"nexus5x","http1042018080stackoverflowcomstackoverflowcom2indexhtml",4,75.8637,262
"nexus5x","http1042018080stackoverflowcomstackoverflowcom2indexhtml",5,76.48938,257
"nexus5x","http1042018080wwwbbccomwwwbbccom1indexhtml",1,62.909784,1103
"nexus5x","http1042018080wwwbbccomwwwbbccom1indexhtml",2,76.837572,1116
"nexus5x","http1042018080wwwbbccomwwwbbccom1indexhtml",3,79.654428,485
"nexus5x","http1042018080wwwbbccomwwwbbccom1indexhtml",4,76.211604,347
"nexus5x","http1042018080wwwbbccomwwwbbccom1indexhtml",5,77.933016,436
"nexus5x","http1042018080wwwamazoninwwwamazonin1indexhtml",1,63.496224,326
"nexus5x","http1042018080wwwamazoninwwwamazonin1indexhtml",2,78.903396,665
"nexus5x","http1042018080wwwamazoninwwwamazonin1indexhtml",3,76.724604,268
"nexus5x","http1042018080wwwamazoninwwwamazonin1indexhtml",4,77.347116,431
"nexus5x","http1042018080wwwamazoninwwwamazonin1indexhtml",5,70.0326,470
"nexus5x","http1042018080outlooklivecomoutlooklivecomowa1indexhtml",1,62.305776,275
"nexus5x","http1042018080outlooklivecomoutlooklivecomowa1indexhtml",2,75.201984,246
"nexus5x","http1042018080outlooklivecomoutlooklivecomowa1indexhtml",3,77.221872,289
"nexus5x","http1042018080outlooklivecomoutlooklivecomowa1indexhtml",4,73.02672,263
"nexus5x","http1042018080outlooklivecomoutlooklivecomowa1indexhtml",5,69.297696,253
"nexus5x","http1042018080wwwapplecomwwwapplecom3indexhtml",1,62.233596,416
"nexus5x","http1042018080wwwapplecomwwwapplecom3indexhtml",2,74.649276,311
"nexus5x","http1042018080wwwapplecomwwwapplecom3indexhtml",3,80.236332,255
"nexus5x","http1042018080wwwapplecomwwwapplecom3indexhtml",4,74.49408,229
"nexus5x","http1042018080wwwapplecomwwwapplecom3indexhtml",5,76.977216,389
"nexus5x","http1042018080outlooklivecomoutlooklivecomowa2indexhtml",1,62.21916,243
"nexus5x","http1042018080outlooklivecomoutlooklivecomowa2indexhtml",2,74.63196,232
"nexus5x","http1042018080outlooklivecomoutlooklivecomowa2indexhtml",3,62.68464,225
"nexus5x","http1042018080outlooklivecomoutlooklivecomowa2indexhtml",4,76.95936,1740
"nexus5x","http1042018080outlooklivecomoutlooklivecomowa2indexhtml",5,76.64904,274
"nexus5x","http1042018080wwwamazoninwwwamazonin3indexhtml",1,61.822656,327
"nexus5x","http1042018080wwwamazoninwwwamazonin3indexhtml",2,76.387392,1022
"nexus5x","http1042018080wwwamazoninwwwamazonin3indexhtml",3,79.486272,256
"nexus5x","http1042018080wwwamazoninwwwamazonin3indexhtml",4,76.232448,407
"nexus5x","http1042018080wwwamazoninwwwamazonin3indexhtml",5,77.626944,298
"nexus5x","http1042018080wwwamazoninwwwamazonin2indexhtml",1,63.706896,227
"nexus5x","http1042018080wwwamazoninwwwamazonin2indexhtml",2,73.56816,378
"nexus5x","http1042018080wwwamazoninwwwamazonin2indexhtml",3,76.229136,329
"nexus5x","http1042018080wwwamazoninwwwamazonin2indexhtml",4,74.507328,247
"nexus5x","http1042018080wwwamazoninwwwamazonin2indexhtml",5,76.385664,294
"nexus5x","http1042018080wwwtheguardiancomwwwtheguardiancom0internationalhtml",1,61.657848,515
"nexus5x","http1042018080wwwtheguardiancomwwwtheguardiancom0internationalhtml",2,75.585636,491
"nexus5x","http1042018080wwwtheguardiancomwwwtheguardiancom0internationalhtml",3,78.715476,483
"nexus5x","http1042018080wwwtheguardiancomwwwtheguardiancom0internationalhtml",4,78.558984,531
"nexus5x","http1042018080wwwtheguardiancomwwwtheguardiancom0internationalhtml",5,78.089508,1205
"nexus5x","http1042018080stackoverflowcomstackoverflowcom3indexhtml",1,62.28,277
"nexus5x","http1042018080stackoverflowcomstackoverflowcom3indexhtml",2,77.0715,261
"nexus5x","http1042018080stackoverflowcomstackoverflowcom3indexhtml",3,76.4487,262
"nexus5x","http1042018080stackoverflowcomstackoverflowcom3indexhtml",4,76.4487,269
"nexus5x","http1042018080stackoverflowcomstackoverflowcom3indexhtml",5,73.179,358
"nexus5x","http1042018080wwwmozillaorgwwwmozillaorgen-us2indexhtml",1,61.782336,272
"nexus5x","http1042018080wwwmozillaorgwwwmozillaorgen-us2indexhtml",2,77.305536,329
"nexus5x","http1042018080wwwmozillaorgwwwmozillaorgen-us2indexhtml",3,75.753216,332
"nexus5x","http1042018080wwwmozillaorgwwwmozillaorgen-us2indexhtml",4,77.926464,253
"nexus5x","http1042018080wwwmozillaorgwwwmozillaorgen-us2indexhtml",5,76.218912,298
"nexus5x","http1042018080wwwforbescomwwwforbescom0indexhtml",1,70.025868,343
"nexus5x","http1042018080wwwforbescomwwwforbescom0indexhtml",2,96.110892,471
"nexus5x","http1042018080wwwforbescomwwwforbescom0indexhtml",3,95.955624,291
"nexus5x","http1042018080wwwforbescomwwwforbescom0indexhtml",4,91.918656,339
"nexus5x","http1042018080wwwforbescomwwwforbescom0indexhtml",5,92.539728,260
"nexus5x","http1042018080wwwbbccomwwwbbccom2indexhtml",1,61.81434,382
"nexus5x","http1042018080wwwbbccomwwwbbccom2indexhtml",2,75.742128,424
"nexus5x","http1042018080wwwbbccomwwwbbccom2indexhtml",3,62.909784,501
"nexus5x","http1042018080wwwbbccomwwwbbccom2indexhtml",4,75.89862,328
"nexus5x","http1042018080wwwbbccomwwwbbccom2indexhtml",5,78.246,443
"nexus5x","http1042018080wwwlinkedincomwwwlinkedincom3indexhtml",1,59.85792,232
"nexus5x","http1042018080wwwlinkedincomwwwlinkedincom3indexhtml",2,73.57536,253
"nexus5x","http1042018080wwwlinkedincomwwwlinkedincom3indexhtml",3,74.35476,376
"nexus5x","http1042018080wwwlinkedincomwwwlinkedincom3indexhtml",4,73.73124,675
"nexus5x","http1042018080wwwlinkedincomwwwlinkedincom3indexhtml",5,76.69296,256
"nexus5x","http1042018080apacheorgapacheorg3indexhtml",1,61.147656,241
"nexus5x","http1042018080apacheorgapacheorg3indexhtml",2,70.483176,272
"nexus5x","http1042018080apacheorgapacheorg3indexhtml",3,77.329224,278
"nexus5x","http1042018080apacheorgapacheorg3indexhtml",4,76.706856,263
"nexus5x","http1042018080apacheorgapacheorg3indexhtml",5,77.640408,236
"nexus5x","http1042018080wwwofficecomwwwofficecom2indexhtml",1,63.889128,365
"nexus5x","http1042018080wwwofficecomwwwofficecom2indexhtml",2,87.672672,255
"nexus5x","http1042018080wwwofficecomwwwofficecom2indexhtml",3,86.27364,266
"nexus5x","http1042018080wwwofficecomwwwofficecom2indexhtml",4,86.27364,261
"nexus5x","http1042018080wwwofficecomwwwofficecom2indexhtml",5,85.340952,252
"nexus5x","http1042018080wwwbuzzfeedcomwwwbuzzfeedcom1indexhtml",1,62.742816,424
"nexus5x","http1042018080wwwbuzzfeedcomwwwbuzzfeedcom1indexhtml",2,75.943656,382
"nexus5x","http1042018080wwwbuzzfeedcomwwwbuzzfeedcom1indexhtml",3,76.564872,1012
"nexus5x","http1042018080wwwbuzzfeedcomwwwbuzzfeedcom1indexhtml",4,76.564872,434
"nexus5x","http1042018080wwwbuzzfeedcomwwwbuzzfeedcom1indexhtml",5,77.807304,460
"nexus5x","http1042018080wwwbookingcomwwwbookingcom0indexhtml",1,63.755964,309
"nexus5x","http1042018080wwwbookingcomwwwbookingcom0indexhtml",2,75.23514,375
"nexus5x","http1042018080wwwbookingcomwwwbookingcom0indexhtml",3,81.284976,267
"nexus5x","http1042018080wwwbookingcomwwwbookingcom0indexhtml",4,55.379268,423
"nexus5x","http1042018080wwwbookingcomwwwbookingcom0indexhtml",5,77.872248,603
"nexus5x","http1042018080wwwmozillaorgwwwmozillaorgen-us1indexhtml",1,63.55656,242
"nexus5x","http1042018080wwwmozillaorgwwwmozillaorgen-us1indexhtml",2,76.73292,600
"nexus5x","http1042018080wwwmozillaorgwwwmozillaorgen-us1indexhtml",3,77.197968,271
"nexus5x","http1042018080wwwmozillaorgwwwmozillaorgen-us1indexhtml",4,75.95784,346
"nexus5x","http1042018080wwwmozillaorgwwwmozillaorgen-us1indexhtml",5,77.042952,270
"nexus5x","http1042018080wwwbbccomwwwbbccom0indexhtml",1,63.491904,523
"nexus5x","http1042018080wwwbbccomwwwbbccom0indexhtml",2,76.159008,419
"nexus5x","http1042018080wwwbbccomwwwbbccom0indexhtml",3,71.467488,443
"nexus5x","http1042018080wwwbbccomwwwbbccom0indexhtml",4,77.41008,433
"nexus5x","http1042018080wwwbbccomwwwbbccom0indexhtml",5,78.348384,410
"nexus5x","http1042018080dsalipaycomdsalipaycom0indexhtml",1,68.508,223
"nexus5x","http1042018080dsalipaycomdsalipaycom0indexhtml",2,82.8324,264
"nexus5x","http1042018080dsalipaycomdsalipaycom0indexhtml",3,82.9881,268
"nexus5x","http1042018080dsalipaycomdsalipaycom0indexhtml",4,82.2096,210
"nexus5x","http1042018080dsalipaycomdsalipaycom0indexhtml",5,84.3894,287
"nexus5x","http1042018080wwwpaypalcomwwwpaypalcomnl2homehtml",1,59.733504,424
"nexus5x","http1042018080wwwpaypalcomwwwpaypalcomnl2homehtml",2,77.155776,226
"nexus5x","http1042018080wwwpaypalcomwwwpaypalcomnl2homehtml",3,68.44464,243
"nexus5x","http1042018080wwwpaypalcomwwwpaypalcomnl2homehtml",4,77.778,286
"nexus5x","http1042018080wwwpaypalcomwwwpaypalcomnl2homehtml",5,83.844684,258
"nexus5x","http1042018080wwwbaiducomwwwbaiducom1indexhtml",1,61.34508,388
"nexus5x","http1042018080wwwbaiducomwwwbaiducom1indexhtml",2,76.254264,326
"nexus5x","http1042018080wwwbaiducomwwwbaiducom1indexhtml",3,72.526968,389
"nexus5x","http1042018080wwwbaiducomwwwbaiducom1indexhtml",4,75.788352,330
"nexus5x","http1042018080wwwbaiducomwwwbaiducom1indexhtml",5,79.670952,299
"nexus5x","http1042018080awsamazoncomawsamazoncom2indexhtml",1,61.59852,331
"nexus5x","http1042018080awsamazoncomawsamazoncom2indexhtml",2,76.0284,358
"nexus5x","http1042018080awsamazoncomawsamazoncom2indexhtml",3,77.58,498
"nexus5x","http1042018080awsamazoncomawsamazoncom2indexhtml",4,76.64904,383
"nexus5x","http1042018080awsamazoncomawsamazoncom2indexhtml",5,77.26968,536
"nexus5x","http1042018080wwwlinkedincomwwwlinkedincom1indexhtml",1,61.24554,291
"nexus5x","http1042018080wwwlinkedincomwwwlinkedincom1indexhtml",2,91.170576,235
"nexus5x","http1042018080wwwlinkedincomwwwlinkedincom1indexhtml",3,75.97548,216
"nexus5x","http1042018080wwwlinkedincomwwwlinkedincom1indexhtml",4,74.580012,283
"nexus5x","http1042018080wwwlinkedincomwwwlinkedincom1indexhtml",5,75.97548,267
"nexus5x","http1042018080wwwpaypalcomwwwpaypalcomnl0homehtml",1,62.413416,269
"nexus5x","http1042018080wwwpaypalcomwwwpaypalcomnl0homehtml",2,77.590872,303
"nexus5x","http1042018080wwwpaypalcomwwwpaypalcomnl0homehtml",3,79.913952,270
"nexus5x","http1042018080wwwpaypalcomwwwpaypalcomnl0homehtml",4,79.294464,400
"nexus5x","http1042018080wwwpaypalcomwwwpaypalcomnl0homehtml",5,78.520104,256
"nexus5x","http1042018080nlgodaddycomnlgodaddycom3indexhtml",1,65.428704,429
"nexus5x","http1042018080nlgodaddycomnlgodaddycom3indexhtml",2,79.672752,618
"nexus5x","http1042018080nlgodaddycomnlgodaddycom3indexhtml",3,79.359696,306
"nexus5x","http1042018080nlgodaddycomnlgodaddycom3indexhtml",4,80.298864,299
"nexus5x","http1042018080nlgodaddycomnlgodaddycom3indexhtml",5,81.081504,384
"nexus5x","http1042018080wwwbookingcomwwwbookingcom3indexhtml",1,61.51572,576
"nexus5x","http1042018080wwwbookingcomwwwbookingcom3indexhtml",2,72.884448,351
"nexus5x","http1042018080wwwbookingcomwwwbookingcom3indexhtml",3,74.75328,273
"nexus5x","http1042018080wwwbookingcomwwwbookingcom3indexhtml",4,66.655008,284
"nexus5x","http1042018080wwwbookingcomwwwbookingcom3indexhtml",5,77.868,422
"nexus5x","http1042018080wwwokezonecomwwwokezonecom1indexhtml",1,65.62944,300
"nexus5x","http1042018080wwwokezonecomwwwokezonecom1indexhtml",2,84.44736,349
"nexus5x","http1042018080wwwokezonecomwwwokezonecom1indexhtml",3,77.13792,510
"nexus5x","http1042018080wwwokezonecomwwwokezonecom1indexhtml",4,76.51584,336
"nexus5x","http1042018080wwwokezonecomwwwokezonecom1indexhtml",5,79.3152,293
"nexus5x","http1042018080dsalipaycomdsalipaycom2indexhtml",1,68.054688,218
"nexus5x","http1042018080dsalipaycomdsalipaycom2indexhtml",2,82.34928,302
"nexus5x","http1042018080dsalipaycomdsalipaycom2indexhtml",3,83.747664,295
"nexus5x","http1042018080dsalipaycomdsalipaycom2indexhtml",4,82.34928,235
"nexus5x","http1042018080dsalipaycomdsalipaycom2indexhtml",5,82.504656,241
"nexus5x","http1042018080wwwbaiducomwwwbaiducom0indexhtml",1,61.31664,336
"nexus5x","http1042018080wwwbaiducomwwwbaiducom0indexhtml",2,78.39216,301
"nexus5x","http1042018080wwwbaiducomwwwbaiducom0indexhtml",3,75.597984,366
"nexus5x","http1042018080wwwbaiducomwwwbaiducom0indexhtml",4,74.821824,355
"nexus5x","http1042018080wwwbaiducomwwwbaiducom0indexhtml",5,79.16832,382
"nexus5x","http1042018080wwwbaiducomwwwbaiducom2indexhtml",1,61.880112,336
"nexus5x","http1042018080wwwbaiducomwwwbaiducom2indexhtml",2,75.527856,301
"nexus5x","http1042018080wwwbaiducomwwwbaiducom2indexhtml",3,76.458384,589
"nexus5x","http1042018080wwwbaiducomwwwbaiducom2indexhtml",4,75.372768,347
"nexus5x","http1042018080wwwbaiducomwwwbaiducom2indexhtml",5,77.544,308
"nexus5x","http1042018080outlooklivecomoutlooklivecomowa0indexhtml",1,61.2171,314
"nexus5x","http1042018080outlooklivecomoutlooklivecomowa0indexhtml",2,75.63024,287
"nexus5x","http1042018080outlooklivecomoutlooklivecomowa0indexhtml",3,77.33502,223
"nexus5x","http1042018080outlooklivecomoutlooklivecomowa0indexhtml",4,75.47526,233
"nexus5x","http1042018080outlooklivecomoutlooklivecomowa0indexhtml",5,65.40156,218
"nexus5x","http1042018080myoutubecommyoutubecom3indexhtml",1,61.672032,385
"nexus5x","http1042018080myoutubecommyoutubecom3indexhtml",2,75.603024,467
"nexus5x","http1042018080myoutubecommyoutubecom3indexhtml",3,78.733584,395
"nexus5x","http1042018080myoutubecommyoutubecom3indexhtml",4,74.3508,246
"nexus5x","http1042018080myoutubecommyoutubecom3indexhtml",5,77.168304,216
"nexus5x","http1042018080wwwapplecomwwwapplecom0indexhtml",1,62.4357,241
"nexus5x","http1042018080wwwapplecomwwwapplecom0indexhtml",2,76.6044,242
"nexus5x","http1042018080wwwapplecomwwwapplecom0indexhtml",3,78.0057,228
"nexus5x","http1042018080wwwapplecomwwwapplecom0indexhtml",4,77.2272,332
"nexus5x","http1042018080wwwapplecomwwwapplecom0indexhtml",5,80.4969,228
"nexus5x","http1042018080stackexchangecomstackexchangecom2indexhtml",1,62.83008,238
"nexus5x","http1042018080stackexchangecomstackexchangecom2indexhtml",2,52.0992,301
"nexus5x","http1042018080stackexchangecomstackexchangecom2indexhtml",3,76.67136,258
"nexus5x","http1042018080stackexchangecomstackexchangecom2indexhtml",4,74.02752,349
"nexus5x","http1042018080stackexchangecomstackexchangecom2indexhtml",5,77.76,998
"nexus5x","http1042018080wwwbbccomwwwbbccom3indexhtml",1,61.9632,391
"nexus5x","http1042018080wwwbbccomwwwbbccom3indexhtml",2,66.300624,606
"nexus5x","http1042018080wwwbbccomwwwbbccom3indexhtml",3,76.834368,252
"nexus5x","http1042018080wwwbbccomwwwbbccom3indexhtml",4,76.214736,588
"nexus5x","http1042018080wwwbbccomwwwbbccom3indexhtml",5,76.524552,284
"nexus5x","http1042018080dsalipaycomdsalipaycom3indexhtml",1,60.216048,241
"nexus5x","http1042018080dsalipaycomdsalipaycom3indexhtml",2,75.114864,205
"nexus5x","http1042018080dsalipaycomdsalipaycom3indexhtml",3,76.82202,207
"nexus5x","http1042018080dsalipaycomdsalipaycom3indexhtml",4,75.425256,202
"nexus5x","http1042018080dsalipaycomdsalipaycom3indexhtml",5,76.201236,253
"nexus5x","http1042018080wwwlinkedincomwwwlinkedincom2indexhtml",1,61.880112,252
"nexus5x","http1042018080wwwlinkedincomwwwlinkedincom2indexhtml",2,76.148208,243
"nexus5x","http1042018080wwwlinkedincomwwwlinkedincom2indexhtml",3,75.838032,242
"nexus5x","http1042018080wwwlinkedincomwwwlinkedincom2indexhtml",4,74.907504,235
"nexus5x","http1042018080wwwlinkedincomwwwlinkedincom2indexhtml",5,76.613472,264
"nexus5x","http1042018080wwwforbescomwwwforbescom3indexhtml",1,62.892648,527
"nexus5x","http1042018080wwwforbescomwwwforbescom3indexhtml",2,78.073632,294
"nexus5x","http1042018080wwwforbescomwwwforbescom3indexhtml",3,96.352776,295
"nexus5x","http1042018080wwwforbescomwwwforbescom3indexhtml",4,77.454,288
"nexus5x","http1042018080wwwforbescomwwwforbescom3indexhtml",5,72.651852,385
"nexus5x","http1042018080wwwtheguardiancomwwwtheguardiancom1internationalhtml",1,63.535752,543
"nexus5x","http1042018080wwwtheguardiancomwwwtheguardiancom1internationalhtml",2,78.871968,824
"nexus5x","http1042018080wwwtheguardiancomwwwtheguardiancom1internationalhtml",3,79.967412,500
"nexus5x","http1042018080wwwtheguardiancomwwwtheguardiancom1internationalhtml",4,79.967412,475
"nexus5x","http1042018080wwwtheguardiancomwwwtheguardiancom1internationalhtml",5,78.089508,512
"nexus5x","http1042018080nlgodaddycomnlgodaddycom1indexhtml",1,65.2383,609
"nexus5x","http1042018080nlgodaddycomnlgodaddycom1indexhtml",2,79.2513,340
"nexus5x","http1042018080nlgodaddycomnlgodaddycom1indexhtml",3,64.9269,273
"nexus5x","http1042018080nlgodaddycomnlgodaddycom1indexhtml",4,88.2819,307
"nexus5x","http1042018080nlgodaddycomnlgodaddycom1indexhtml",5,82.521,345
"nexus5x","http1042018080wwwtheguardiancomwwwtheguardiancom3internationalhtml",1,65.16288,496
"nexus5x","http1042018080wwwtheguardiancomwwwtheguardiancom3internationalhtml",2,68.4288,520
"nexus5x","http1042018080wwwtheguardiancomwwwtheguardiancom3internationalhtml",3,77.91552,520
"nexus5x","http1042018080wwwtheguardiancomwwwtheguardiancom3internationalhtml",4,76.9824,485
"nexus5x","http1042018080wwwtheguardiancomwwwtheguardiancom3internationalhtml",5,79.00416,541
"nexus5x","http1042018080nlgodaddycomnlgodaddycom2indexhtml",1,65.25792,392
"nexus5x","http1042018080nlgodaddycomnlgodaddycom2indexhtml",2,74.58048,346
"nexus5x","http1042018080nlgodaddycomnlgodaddycom2indexhtml",3,82.038528,693
"nexus5x","http1042018080nlgodaddycomnlgodaddycom2indexhtml",4,77.843376,453
"nexus5x","http1042018080nlgodaddycomnlgodaddycom2indexhtml",5,80.484768,275
"nexus5x","http1042018080wwwamazoncomwwwamazoncom3indexhtml",1,62.0496,229
"nexus5x","http1042018080wwwamazoncomwwwamazoncom3indexhtml",2,76.01076,241
"nexus5x","http1042018080wwwamazoncomwwwamazoncom3indexhtml",3,78.802992,276
"nexus5x","http1042018080wwwamazoncomwwwamazoncom3indexhtml",4,76.78638,298
"nexus5x","http1042018080wwwamazoncomwwwamazoncom3indexhtml",5,78.647868,247
"nexus5x","http1042018080wwwmozillaorgwwwmozillaorgen-us0indexhtml",1,65.586996,608
"nexus5x","http1042018080wwwmozillaorgwwwmozillaorgen-us0indexhtml",2,75.20022,447
"nexus5x","http1042018080wwwmozillaorgwwwmozillaorgen-us0indexhtml",3,78.30126,338
"nexus5x","http1042018080wwwmozillaorgwwwmozillaorgen-us0indexhtml",4,80.937144,289
"nexus5x","http1042018080wwwmozillaorgwwwmozillaorgen-us0indexhtml",5,77.060844,286
"nexus5x","http1042018080stackexchangecomstackexchangecom1indexhtml",1,61.80012,372
"nexus5x","http1042018080stackexchangecomstackexchangecom1indexhtml",2,75.411792,345
"nexus5x","http1042018080stackexchangecomstackexchangecom1indexhtml",3,76.976352,292
"nexus5x","http1042018080stackexchangecomstackexchangecom1indexhtml",4,76.037616,540
"nexus5x","http1042018080stackexchangecomstackexchangecom1indexhtml",5,79.166736,342
"nexus5x","http1042018080wwwamazoncomwwwamazoncom1indexhtml",1,64.831104,337
"nexus5x","http1042018080wwwamazoncomwwwamazoncom1indexhtml",2,77.14278,256
"nexus5x","http1042018080wwwamazoncomwwwamazoncom1indexhtml",3,79.012908,239
"nexus5x","http1042018080wwwamazoncomwwwamazoncom1indexhtml",4,80.727192,335
"nexus5x","http1042018080wwwamazoncomwwwamazoncom1indexhtml",5,79.947972,228
"nexus5x","http1042018080wwwpaypalcomwwwpaypalcomnl3homehtml",1,63.155736,243
"nexus5x","http1042018080wwwpaypalcomwwwpaypalcomnl3homehtml",2,84.466908,280
"nexus5x","http1042018080wwwpaypalcomwwwpaypalcomnl3homehtml",3,66.88908,490
"nexus5x","http1042018080wwwpaypalcomwwwpaypalcomnl3homehtml",4,76.844664,249
"nexus5x","http1042018080wwwpaypalcomwwwpaypalcomnl3homehtml",5,77.155776,219
"nexus5x","http1042018080wwwwikipediaorgwwwwikipediaorg0indexhtml",1,63.578232,221
"nexus5x","http1042018080wwwwikipediaorgwwwwikipediaorg0indexhtml",2,78.656688,291
"nexus5x","http1042018080wwwwikipediaorgwwwwikipediaorg0indexhtml",3,80.988408,265
"nexus5x","http1042018080wwwwikipediaorgwwwwikipediaorg0indexhtml",4,80.211168,273
"nexus5x","http1042018080wwwwikipediaorgwwwwikipediaorg0indexhtml",5,81.143856,276
"nexus5x","http1042018080myoutubecommyoutubecom1indexhtml",1,61.33086,232
"nexus5x","http1042018080myoutubecommyoutubecom1indexhtml",2,75.149712,274
"nexus5x","http1042018080myoutubecommyoutubecom1indexhtml",3,76.85766,221
"nexus5x","http1042018080myoutubecommyoutubecom1indexhtml",4,76.547124,246
"nexus5x","http1042018080myoutubecommyoutubecom1indexhtml",5,77.478732,324
"nexus5x","http1042018080wwwamazoncomwwwamazoncom2indexhtml",1,59.257368,224
"nexus5x","http1042018080wwwamazoncomwwwamazoncom2indexhtml",2,74.769768,232
"nexus5x","http1042018080wwwamazoncomwwwamazoncom2indexhtml",3,77.872248,227
"nexus5x","http1042018080wwwamazoncomwwwamazoncom2indexhtml",4,77.096628,212
"nexus5x","http1042018080wwwamazoncomwwwamazoncom2indexhtml",5,68.25456,249
"nexus5x","http1042018080wwwmozillaorgwwwmozillaorgen-us3indexhtml",1,62.0064,312
"nexus5x","http1042018080wwwmozillaorgwwwmozillaorgen-us3indexhtml",2,77.508,287
"nexus5x","http1042018080wwwmozillaorgwwwmozillaorgen-us3indexhtml",3,76.112856,304
"nexus5x","http1042018080wwwmozillaorgwwwmozillaorgen-us3indexhtml",4,76.577904,295
"nexus5x","http1042018080wwwmozillaorgwwwmozillaorgen-us3indexhtml",5,76.112856,262
"nexus5x","http1042018080wwwapplecomwwwapplecom2indexhtml",1,71.20386,239
"nexus5x","http1042018080wwwapplecomwwwapplecom2indexhtml",2,85.28814,246
"nexus5x","http1042018080wwwapplecomwwwapplecom2indexhtml",3,87.948504,1036
"nexus5x","http1042018080wwwapplecomwwwapplecom2indexhtml",4,84.50568,226
"nexus5x","http1042018080wwwapplecomwwwapplecom2indexhtml",5,83.879712,268
"nexus5x","http1042018080wwwbookingcomwwwbookingcom2indexhtml",1,62.3088,268
"nexus5x","http1042018080wwwbookingcomwwwbookingcom2indexhtml",2,63.243432,396
"nexus5x","http1042018080wwwbookingcomwwwbookingcom2indexhtml",3,79.599492,255
"nexus5x","http1042018080wwwbookingcomwwwbookingcom2indexhtml",4,80.22258,274
"nexus5x","http1042018080wwwbookingcomwwwbookingcom2indexhtml",5,75.860964,270
"nexus5x","http1042018080wwwlinkedincomwwwlinkedincom0indexhtml",1,61.133508,244
"nexus5x","http1042018080wwwlinkedincomwwwlinkedincom0indexhtml",2,65.489076,385
"nexus5x","http1042018080wwwlinkedincomwwwlinkedincom0indexhtml",3,76.066884,246
"nexus5x","http1042018080wwwlinkedincomwwwlinkedincom0indexhtml",4,75.289104,233
"nexus5x","http1042018080wwwlinkedincomwwwlinkedincom0indexhtml",5,77.311332,243
"nexus5x","http1042018080myoutubecommyoutubecom2indexhtml",1,62.1648,230
"nexus5x","http1042018080myoutubecommyoutubecom2indexhtml",2,75.996468,244
"nexus5x","http1042018080myoutubecommyoutubecom2indexhtml",3,77.084352,241
"nexus5x","http1042018080myoutubecommyoutubecom2indexhtml",4,74.442348,276
"nexus5x","http1042018080myoutubecommyoutubecom2indexhtml",5,76.307292,239
"nexus5x","http1042018080wwwokezonecomwwwokezonecom0indexhtml",1,65.507904,538
"nexus5x","http1042018080wwwokezonecomwwwokezonecom0indexhtml",2,83.04912,357
"nexus5x","http1042018080wwwokezonecomwwwokezonecom0indexhtml",3,79.94448,225
"nexus5x","http1042018080wwwokezonecomwwwokezonecom0indexhtml",4,79.634016,393
"nexus5x","http1042018080wwwokezonecomwwwokezonecom0indexhtml",5,78.857856,283
"nexus5x","http1042018080myoutubecommyoutubecom0indexhtml",1,62.204724,261
"nexus5x","http1042018080myoutubecommyoutubecom0indexhtml",2,75.390264,262
"nexus5x","http1042018080myoutubecommyoutubecom0indexhtml",3,78.33762,347
"nexus5x","http1042018080myoutubecommyoutubecom0indexhtml",4,76.321008,414
"nexus5x","http1042018080myoutubecommyoutubecom0indexhtml",5,75.545388,232
"nexus5x","http1042018080wwwokezonecomwwwokezonecom2indexhtml",1,63.85176,263
"nexus5x","http1042018080wwwokezonecomwwwokezonecom2indexhtml",2,78.10992,324
"nexus5x","http1042018080wwwokezonecomwwwokezonecom2indexhtml",3,79.0398,304
"nexus5x","http1042018080wwwokezonecomwwwokezonecom2indexhtml",4,77.79996,388
"nexus5x","http1042018080wwwokezonecomwwwokezonecom2indexhtml",5,80.12466,345
"nexus5x","http1042018080wwwamazoncomwwwamazoncom0indexhtml",1,64.474704,233
"nexus5x","http1042018080wwwamazoncomwwwamazoncom0indexhtml",2,78.715476,230
"nexus5x","http1042018080wwwamazoncomwwwamazoncom0indexhtml",3,65.570148,525
"nexus5x","http1042018080wwwamazoncomwwwamazoncom0indexhtml",4,79.654428,424
"nexus5x","http1042018080wwwamazoncomwwwamazoncom0indexhtml",5,78.715476,268
"nexus5x","http1042018080awsamazoncomawsamazoncom1indexhtml",1,62.450136,302
"nexus5x","http1042018080awsamazoncomawsamazoncom1indexhtml",2,66.810744,452
"nexus5x","http1042018080awsamazoncomawsamazoncom1indexhtml",3,80.359776,290
"nexus5x","http1042018080awsamazoncomawsamazoncom1indexhtml",4,77.400792,389
"nexus5x","http1042018080awsamazoncomawsamazoncom1indexhtml",5,80.20404,496
"nexus5x","http1042018080wwwforbescomwwwforbescom1indexhtml",1,79.15968,297
"nexus5x","http1042018080wwwforbescomwwwforbescom1indexhtml",2,75.27168,308
"nexus5x","http1042018080wwwforbescomwwwforbescom1indexhtml",3,81.18144,334
"nexus5x","http1042018080wwwforbescomwwwforbescom1indexhtml",4,93.15648,284
"nexus5x","http1042018080wwwforbescomwwwforbescom1indexhtml",5,94.24512,293
"nexus5x","http1042018080apacheorgapacheorg2indexhtml",1,62.44668,241
"nexus5x","http1042018080apacheorgapacheorg2indexhtml",2,75.18456,296
"nexus5x","http1042018080apacheorgapacheorg2indexhtml",3,77.82534,244
"nexus5x","http1042018080apacheorgapacheorg2indexhtml",4,75.65058,235
"nexus5x","http1042018080apacheorgapacheorg2indexhtml",5,76.42728,493
"nexus5x","http1042018080nlgodaddycomnlgodaddycom0indexhtml",1,67.991616,303
"nexus5x","http1042018080nlgodaddycomnlgodaddycom0indexhtml",2,79.634016,358
"nexus5x","http1042018080nlgodaddycomnlgodaddycom0indexhtml",3,79.94448,313
"nexus5x","http1042018080nlgodaddycomnlgodaddycom0indexhtml",4,81.186336,314
"nexus5x","http1042018080nlgodaddycomnlgodaddycom0indexhtml",5,78.39216,340
"nexus5x","http1042018080apacheorgapacheorg1indexhtml",1,60.935436,270
"nexus5x","http1042018080apacheorgapacheorg1indexhtml",2,75.20022,254
"nexus5x","http1042018080apacheorgapacheorg1indexhtml",3,80.471988,240
"nexus5x","http1042018080apacheorgapacheorg1indexhtml",4,76.130532,639
"nexus5x","http1042018080apacheorgapacheorg1indexhtml",5,77.060844,239
"nexus5x","http1042018080dsalipaycomdsalipaycom1indexhtml",1,68.17536,224
"nexus5x","http1042018080dsalipaycomdsalipaycom1indexhtml",2,82.275264,375
"nexus5x","http1042018080dsalipaycomdsalipaycom1indexhtml",3,82.740096,209
"nexus5x","http1042018080dsalipaycomdsalipaycom1indexhtml",4,81.810432,250
"nexus5x","http1042018080dsalipaycomdsalipaycom1indexhtml",5,84.754368,214
"nexus5x","http1042018080wwwbuzzfeedcomwwwbuzzfeedcom0indexhtml",1,64.489536,1155
"nexus5x","http1042018080wwwbuzzfeedcomwwwbuzzfeedcom0indexhtml",2,75.603024,467
"nexus5x","http1042018080wwwbuzzfeedcomwwwbuzzfeedcom0indexhtml",3,71.376768,349
"nexus5x","http1042018080wwwbuzzfeedcomwwwbuzzfeedcom0indexhtml",4,76.855248,417
"nexus5x","http1042018080wwwbuzzfeedcomwwwbuzzfeedcom0indexhtml",5,77.637888,360
"nexus5x","http1042018080wwwofficecomwwwofficecom3indexhtml",1,62.7471,552
"nexus5x","http1042018080wwwofficecomwwwofficecom3indexhtml",2,76.1373,272
"nexus5x","http1042018080wwwofficecomwwwofficecom3indexhtml",3,76.7601,263
"nexus5x","http1042018080wwwofficecomwwwofficecom3indexhtml",4,75.5145,270
"nexus5x","http1042018080wwwofficecomwwwofficecom3indexhtml",5,76.6044,303
"nexus5x","http1042018080wwwwikipediaorgwwwwikipediaorg1indexhtml",1,64.370376,264
"nexus5x","http1042018080wwwwikipediaorgwwwwikipediaorg1indexhtml",2,78.363936,249
"nexus5x","http1042018080wwwwikipediaorgwwwwikipediaorg1indexhtml",3,81.007164,387
"nexus5x","http1042018080wwwwikipediaorgwwwwikipediaorg1indexhtml",4,79.607808,258
"nexus5x","http1042018080wwwwikipediaorgwwwwikipediaorg1indexhtml",5,83.18394,378
"nexus5x","http1042018080wwwbookingcomwwwbookingcom1indexhtml",1,61.995024,301
"nexus5x","http1042018080wwwbookingcomwwwbookingcom1indexhtml",2,77.066496,327
"nexus5x","http1042018080wwwbookingcomwwwbookingcom1indexhtml",3,77.532624,380
"nexus5x","http1042018080wwwbookingcomwwwbookingcom1indexhtml",4,75.668112,356
"nexus5x","http1042018080wwwbookingcomwwwbookingcom1indexhtml",5,78.931008,283
"nexus5x","http1042018080wwwtheguardiancomwwwtheguardiancom2internationalhtml",1,65.19744,656
"nexus5x","http1042018080wwwtheguardiancomwwwtheguardiancom2internationalhtml",2,78.857856,487
"nexus5x","http1042018080wwwtheguardiancomwwwtheguardiancom2internationalhtml",3,79.16832,607
"nexus5x","http1042018080wwwtheguardiancomwwwtheguardiancom2internationalhtml",4,77.771232,586
"nexus5x","http1042018080wwwtheguardiancomwwwtheguardiancom2internationalhtml",5,80.410176,502
"nexus5x","http1042018080wwwamazoninwwwamazonin0indexhtml",1,63.106164,529
"nexus5x","http1042018080wwwamazoninwwwamazonin0indexhtml",2,77.681052,252
"nexus5x","http1042018080wwwamazoninwwwamazonin0indexhtml",3,80.782092,226
"nexus5x","http1042018080wwwamazoninwwwamazonin0indexhtml",4,68.688036,250
"nexus5x","http1042018080wwwamazoninwwwamazonin0indexhtml",5,77.991156,255
"nexus5x","http1042018080wwwokezonecomwwwokezonecom3indexhtml",1,62.582832,345
"nexus5x","http1042018080wwwokezonecomwwwokezonecom3indexhtml",2,78.383448,273
"nexus5x","http1042018080wwwokezonecomwwwokezonecom3indexhtml",3,76.67946,347
"nexus5x","http1042018080wwwokezonecomwwwokezonecom3indexhtml",4,77.918724,260
"nexus5x","http1042018080wwwokezonecomwwwokezonecom3indexhtml",5,78.383448,274
"nexus5x","http1042018080awsamazoncomawsamazoncom3indexhtml",1,60.562404,492
"nexus5x","http1042018080awsamazoncomawsamazoncom3indexhtml",2,75.429144,592
"nexus5x","http1042018080awsamazoncomawsamazoncom3indexhtml",3,75.272652,294
"nexus5x","http1042018080awsamazoncomawsamazoncom3indexhtml",4,74.490192,351
"nexus5x","http1042018080awsamazoncomawsamazoncom3indexhtml",5,76.211604,395
"nexus5x","http1042018080wwwbuzzfeedcomwwwbuzzfeedcom2indexhtml",1,62.9028,451
"nexus5x","http1042018080wwwbuzzfeedcomwwwbuzzfeedcom2indexhtml",2,79.7184,575
"nexus5x","http1042018080wwwbuzzfeedcomwwwbuzzfeedcom2indexhtml",3,76.4487,537
"nexus5x","http1042018080wwwbuzzfeedcomwwwbuzzfeedcom2indexhtml",4,76.6044,400
"nexus5x","http1042018080wwwbuzzfeedcomwwwbuzzfeedcom2indexhtml",5,77.0715,600
"nexus5x","http1042018080wwwforbescomwwwforbescom2indexhtml",1,65.16288,320
"nexus5x","http1042018080wwwforbescomwwwforbescom2indexhtml",2,93.62304,253
"nexus5x","http1042018080wwwforbescomwwwforbescom2indexhtml",3,93.00096,374
"nexus5x","http1042018080wwwforbescomwwwforbescom2indexhtml",4,93.93408,323
"nexus5x","http1042018080wwwforbescomwwwforbescom2indexhtml",5,90.35712,280
"nexus5x","http1042018080wwwwikipediaorgwwwwikipediaorg2indexhtml",1,64.606464,283
"nexus5x","http1042018080wwwwikipediaorgwwwwikipediaorg2indexhtml",2,78.273216,266
"nexus5x","http1042018080wwwwikipediaorgwwwwikipediaorg2indexhtml",3,79.360344,236
"nexus5x","http1042018080wwwwikipediaorgwwwwikipediaorg2indexhtml",4,78.894432,258
"nexus5x","http1042018080wwwwikipediaorgwwwwikipediaorg2indexhtml",5,67.246632,340
"nexus5x","http1042018080outlooklivecomoutlooklivecomowa3indexhtml",1,61.923204,220
"nexus5x","http1042018080outlooklivecomoutlooklivecomowa3indexhtml",2,75.114864,269
"nexus5x","http1042018080outlooklivecomoutlooklivecomowa3indexhtml",3,76.201236,253
"nexus5x","http1042018080outlooklivecomoutlooklivecomowa3indexhtml",4,74.649276,239
"nexus5x","http1042018080outlooklivecomoutlooklivecomowa3indexhtml",5,76.511628,232
"nexus5x","http1042018080awsamazoncomawsamazoncom0indexhtml",1,64.656684,372
"nexus5x","http1042018080awsamazoncomawsamazoncom0indexhtml",2,78.766416,340
"nexus5x","http1042018080awsamazoncomawsamazoncom0indexhtml",3,81.557352,294
"nexus5x","http1042018080awsamazoncomawsamazoncom0indexhtml",4,71.32392,361
"nexus5x","http1042018080awsamazoncomawsamazoncom0indexhtml",5,77.215896,281
"nexus5x","http1042018080wwwbuzzfeedcomwwwbuzzfeedcom3indexhtml",1,64.906452,490
"nexus5x","http1042018080wwwbuzzfeedcomwwwbuzzfeedcom3indexhtml",2,78.22854,386
"nexus5x","http1042018080wwwbuzzfeedcomwwwbuzzfeedcom3indexhtml",3,76.67946,422
"nexus5x","http1042018080wwwbuzzfeedcomwwwbuzzfeedcom3indexhtml",4,75.90492,451
"nexus5x","http1042018080wwwbuzzfeedcomwwwbuzzfeedcom3indexhtml",5,77.299092,394
"nexus5x","http1042018080stackexchangecomstackexchangecom0indexhtml",1,61.870068,288
"nexus5x","http1042018080stackexchangecomstackexchangecom0indexhtml",2,62.025912,369
"nexus5x","http1042018080stackexchangecomstackexchangecom0indexhtml",3,76.831092,273
"nexus5x","http1042018080stackexchangecomstackexchangecom0indexhtml",4,76.831092,265
"nexus5x","http1042018080stackexchangecomstackexchangecom0indexhtml",5,75.740184,251
"nexus5x","http1042018080wwwapplecomwwwapplecom1indexhtml",1,72.16128,240
"nexus5x","http1042018080wwwapplecomwwwapplecom1indexhtml",2,76.51584,274
"nexus5x","http1042018080wwwapplecomwwwapplecom1indexhtml",3,88.6464,254
"nexus5x","http1042018080wwwapplecomwwwapplecom1indexhtml",4,83.66976,238
"nexus5x","http1042018080wwwapplecomwwwapplecom1indexhtml",5,86.93568,228
"nexus5x","http1042018080stackexchangecomstackexchangecom3indexhtml",1,61.966296,946
"nexus5x","http1042018080stackexchangecomstackexchangecom3indexhtml",2,74.080008,267
"nexus5x","http1042018080stackexchangecomstackexchangecom3indexhtml",3,77.186088,282
"nexus5x","http1042018080stackexchangecomstackexchangecom3indexhtml",4,75.788352,368
"nexus5x","http1042018080stackexchangecomstackexchangecom3indexhtml",5,78.42852,297
"nexus5x","http1042018080wwwpaypalcomwwwpaypalcomnl1homehtml",1,126.639936,256
"nexus5x","http1042018080wwwpaypalcomwwwpaypalcomnl1homehtml",2,149.298552,363
"nexus5x","http1042018080wwwpaypalcomwwwpaypalcomnl1homehtml",3,125.087976,274
"nexus5x","http1042018080wwwpaypalcomwwwpaypalcomnl1homehtml",4,124.001604,279
"nexus5x","http1042018080wwwpaypalcomwwwpaypalcomnl1homehtml",5,139.831596,317
"nexus5x","http1042018080wwwbbccomwwwbbccom1indexhtml",1,66.196116,477
"nexus5x","http1042018080wwwbbccomwwwbbccom1indexhtml",2,77.46354,562
"nexus5x","http1042018080wwwbbccomwwwbbccom1indexhtml",3,75.89862,440
"nexus5x","http1042018080wwwbbccomwwwbbccom1indexhtml",4,74.3337,439
"nexus5x","http1042018080wwwbbccomwwwbbccom1indexhtml",5,76.368096,265
"nexus5x","http1042018080wwwamazoninwwwamazonin1indexhtml",1,62.138664,294
"nexus5x","http1042018080wwwamazoninwwwamazonin1indexhtml",2,77.245056,260
"nexus5x","http1042018080wwwamazoninwwwamazonin1indexhtml",3,79.42536,265
"nexus5x","http1042018080wwwamazoninwwwamazonin1indexhtml",4,82.384344,229
"nexus5x","http1042018080wwwamazoninwwwamazonin1indexhtml",5,70.392672,246
"nexus5x","http1042018080outlooklivecomoutlooklivecomowa1indexhtml",1,62.081208,389
"nexus5x","http1042018080outlooklivecomoutlooklivecomowa1indexhtml",2,74.995344,236
"nexus5x","http1042018080outlooklivecomoutlooklivecomowa1indexhtml",3,76.084488,233
"nexus5x","http1042018080outlooklivecomoutlooklivecomowa1indexhtml",4,70.0164,214
"nexus5x","http1042018080outlooklivecomoutlooklivecomowa1indexhtml",5,78.885144,245
"nexus5x","http1042018080wwwapplecomwwwapplecom3indexhtml",1,62.490096,227
"nexus5x","http1042018080wwwapplecomwwwapplecom3indexhtml",2,74.304144,258
"nexus5x","http1042018080wwwapplecomwwwapplecom3indexhtml",3,77.257656,456
"nexus5x","http1042018080wwwapplecomwwwapplecom3indexhtml",4,75.081384,229
"nexus5x","http1042018080wwwapplecomwwwapplecom3indexhtml",5,78.656688,283
"nexus5x","http1042018080outlooklivecomoutlooklivecomowa2indexhtml",1,60.5826,270
"nexus5x","http1042018080outlooklivecomoutlooklivecomowa2indexhtml",2,73.94184,231
"nexus5x","http1042018080outlooklivecomoutlooklivecomowa2indexhtml",3,82.01952,428
"nexus5x","http1042018080outlooklivecomoutlooklivecomowa2indexhtml",4,74.40786,409
"nexus5x","http1042018080outlooklivecomoutlooklivecomowa2indexhtml",5,74.25252,263
"nexus5x","http1042018080wwwamazoninwwwamazonin3indexhtml",1,61.30242,254
"nexus5x","http1042018080wwwamazoninwwwamazonin3indexhtml",2,65.027124,324
"nexus5x","http1042018080wwwamazoninwwwamazonin3indexhtml",3,78.063588,515
"nexus5x","http1042018080wwwamazoninwwwamazonin3indexhtml",4,77.442804,425
"nexus5x","http1042018080wwwamazoninwwwamazonin3indexhtml",5,77.132412,246
"nexus5x","http1042018080wwwamazoninwwwamazonin2indexhtml",1,62.127324,338
"nexus5x","http1042018080wwwamazoninwwwamazonin2indexhtml",2,75.11616,247
"nexus5x","http1042018080wwwamazoninwwwamazonin2indexhtml",3,80.280396,350
"nexus5x","http1042018080wwwamazoninwwwamazonin2indexhtml",4,76.524588,510
"nexus5x","http1042018080wwwamazoninwwwamazonin2indexhtml",5,80.123904,374
"nexus5x","http1042018080wwwtheguardiancomwwwtheguardiancom0internationalhtml",1,64.207728,790
"nexus5x","http1042018080wwwtheguardiancomwwwtheguardiancom0internationalhtml",2,76.986936,487
"nexus5x","http1042018080wwwtheguardiancomwwwtheguardiancom0internationalhtml",3,79.792128,540
"nexus5x","http1042018080wwwtheguardiancomwwwtheguardiancom0internationalhtml",4,75.740184,530
"nexus5x","http1042018080wwwtheguardiancomwwwtheguardiancom0internationalhtml",5,77.298624,509
"nexus5x","http1042018080stackoverflowcomstackoverflowcom3indexhtml",1,61.331616,293
"nexus5x","http1042018080stackoverflowcomstackoverflowcom3indexhtml",2,75.964032,334
"nexus5x","http1042018080stackoverflowcomstackoverflowcom3indexhtml",3,76.742352,525
"nexus5x","http1042018080stackoverflowcomstackoverflowcom3indexhtml",4,75.964032,267
"nexus5x","http1042018080stackoverflowcomstackoverflowcom3indexhtml",5,75.030048,266
"nexus5x","http1042018080wwwbaiducomwwwbaiducom3indexhtml",1,61.11936,296
"nexus5x","http1042018080wwwbaiducomwwwbaiducom3indexhtml",2,76.2048,339
"nexus5x","http1042018080wwwbaiducomwwwbaiducom3indexhtml",3,63.14112,624
"nexus5x","http1042018080wwwbaiducomwwwbaiducom3indexhtml",4,76.36032,370
"nexus5x","http1042018080wwwbaiducomwwwbaiducom3indexhtml",5,77.91552,361
"nexus5x","http1042018080wwwmozillaorgwwwmozillaorgen-us2indexhtml",1,62.89812,271
"nexus5x","http1042018080wwwmozillaorgwwwmozillaorgen-us2indexhtml",2,78.583824,318
"nexus5x","http1042018080wwwmozillaorgwwwmozillaorgen-us2indexhtml",3,66.0042,284
"nexus5x","http1042018080wwwmozillaorgwwwmozillaorgen-us2indexhtml",4,77.030784,325
"nexus5x","http1042018080wwwmozillaorgwwwmozillaorgen-us2indexhtml",5,76.87548,299
"nexus5x","http1042018080stackoverflowcomstackoverflowcom1indexhtml",1,61.147224,282
"nexus5x","http1042018080stackoverflowcomstackoverflowcom1indexhtml",2,74.649276,522
"nexus5x","http1042018080stackoverflowcomstackoverflowcom1indexhtml",3,74.028492,233
"nexus5x","http1042018080stackoverflowcomstackoverflowcom1indexhtml",4,73.873296,249
"nexus5x","http1042018080stackoverflowcomstackoverflowcom1indexhtml",5,75.580452,397
"nexus5x","http1042018080wwwwikipediaorgwwwwikipediaorg3indexhtml",1,62.81064,295
"nexus5x","http1042018080wwwwikipediaorgwwwwikipediaorg3indexhtml",2,76.303296,351
"nexus5x","http1042018080wwwwikipediaorgwwwwikipediaorg3indexhtml",3,80.335584,321
"nexus5x","http1042018080wwwwikipediaorgwwwwikipediaorg3indexhtml",4,78.939792,248
"nexus5x","http1042018080wwwwikipediaorgwwwwikipediaorg3indexhtml",5,78.784704,231
"nexus5x","http1042018080wwwforbescomwwwforbescom0indexhtml",1,81.982944,384
"nexus5x","http1042018080wwwforbescomwwwforbescom0indexhtml",2,83.391048,280
"nexus5x","http1042018080wwwforbescomwwwforbescom0indexhtml",3,81.044208,326
"nexus5x","http1042018080wwwforbescomwwwforbescom0indexhtml",4,96.22044,289
"nexus5x","http1042018080wwwforbescomwwwforbescom0indexhtml",5,96.22044,265
"nexus5x","http1042018080wwwbbccomwwwbbccom2indexhtml",1,63.1314,458
"nexus5x","http1042018080wwwbbccomwwwbbccom2indexhtml",2,75.75768,491
"nexus5x","http1042018080wwwbbccomwwwbbccom2indexhtml",3,77.47236,491
"nexus5x","http1042018080wwwbbccomwwwbbccom2indexhtml",4,75.29004,525
"nexus5x","http1042018080wwwbbccomwwwbbccom2indexhtml",5,77.62824,456
"nexus5x","http1042018080wwwlinkedincomwwwlinkedincom3indexhtml",1,59.605524,257
"nexus5x","http1042018080wwwlinkedincomwwwlinkedincom3indexhtml",2,74.078928,248
"nexus5x","http1042018080wwwlinkedincomwwwlinkedincom3indexhtml",3,74.078928,261
"nexus5x","http1042018080wwwlinkedincomwwwlinkedincom3indexhtml",4,61.47306,255
"nexus5x","http1042018080wwwlinkedincomwwwlinkedincom3indexhtml",5,76.25772,288
"nexus5x","http1042018080apacheorgapacheorg3indexhtml",1,61.571664,283
"nexus5x","http1042018080apacheorgapacheorg3indexhtml",2,76.96458,746
"nexus5x","http1042018080apacheorgapacheorg3indexhtml",3,66.547152,234
"nexus5x","http1042018080apacheorgapacheorg3indexhtml",4,76.342644,284
"nexus5x","http1042018080apacheorgapacheorg3indexhtml",5,76.653612,250
"nexus5x","http1042018080wwwofficecomwwwofficecom2indexhtml",1,71.284536,235
"nexus5x","http1042018080wwwofficecomwwwofficecom2indexhtml",2,87.125544,523
"nexus5x","http1042018080wwwofficecomwwwofficecom2indexhtml",3,71.595144,423
"nexus5x","http1042018080wwwofficecomwwwofficecom2indexhtml",4,78.117912,250
"nexus5x","http1042018080wwwofficecomwwwofficecom2indexhtml",5,86.038416,305
"nexus5x","http1042018080wwwbuzzfeedcomwwwbuzzfeedcom1indexhtml",1,62.21916,428
"nexus5x","http1042018080wwwbuzzfeedcomwwwbuzzfeedcom1indexhtml",2,75.40776,464
"nexus5x","http1042018080wwwbuzzfeedcomwwwbuzzfeedcom1indexhtml",3,76.8042,386
"nexus5x","http1042018080wwwbuzzfeedcomwwwbuzzfeedcom1indexhtml",4,75.71808,427
"nexus5x","http1042018080wwwbuzzfeedcomwwwbuzzfeedcom1indexhtml",5,76.64904,573
"nexus5x","http1042018080wwwbookingcomwwwbookingcom0indexhtml",1,62.175852,479
"nexus5x","http1042018080wwwbookingcomwwwbookingcom0indexhtml",2,77.526,315
"nexus5x","http1042018080wwwbookingcomwwwbookingcom0indexhtml",3,78.30126,409
"nexus5x","http1042018080wwwbookingcomwwwbookingcom0indexhtml",4,74.42496,392
"nexus5x","http1042018080wwwbookingcomwwwbookingcom0indexhtml",5,76.285584,314
"nexus5x","http1042018080wwwmozillaorgwwwmozillaorgen-us1indexhtml",1,63.051768,277
"nexus5x","http1042018080wwwmozillaorgwwwmozillaorgen-us1indexhtml",2,78.540912,246
"nexus5x","http1042018080wwwmozillaorgwwwmozillaorgen-us1indexhtml",3,76.66344,446
"nexus5x","http1042018080wwwmozillaorgwwwmozillaorgen-us1indexhtml",4,79.636104,246
"nexus5x","http1042018080wwwmozillaorgwwwmozillaorgen-us1indexhtml",5,81.826488,284
"nexus5x","http1042018080wwwbbccomwwwbbccom0indexhtml",1,62.352,466
"nexus5x","http1042018080wwwbbccomwwwbbccom0indexhtml",2,76.06944,747
"nexus5x","http1042018080wwwbbccomwwwbbccom0indexhtml",3,78.09588,497
"nexus5x","http1042018080wwwbbccomwwwbbccom0indexhtml",4,75.6018,473
"nexus5x","http1042018080wwwbbccomwwwbbccom0indexhtml",5,77.94,454
"nexus5x","http1042018080dsalipaycomdsalipaycom0indexhtml",1,70.343856,231
"nexus5x","http1042018080dsalipaycomdsalipaycom0indexhtml",2,84.03912,331
"nexus5x","http1042018080dsalipaycomdsalipaycom0indexhtml",3,83.26098,917
"nexus5x","http1042018080dsalipaycomdsalipaycom0indexhtml",4,72.833904,539
"nexus5x","http1042018080dsalipaycomdsalipaycom0indexhtml",5,85.439772,275
"nexus5x","http1042018080apacheorgapacheorg0indexhtml",1,60.80832,273
"nexus5x","http1042018080apacheorgapacheorg0indexhtml",2,74.96064,279
"nexus5x","http1042018080apacheorgapacheorg0indexhtml",3,70.29504,269
"nexus5x","http1042018080apacheorgapacheorg0indexhtml",4,73.0944,277
"nexus5x","http1042018080apacheorgapacheorg0indexhtml",5,74.33856,277
"nexus5x","http1042018080wwwpaypalcomwwwpaypalcomnl2homehtml",1,62.631036,238
"nexus5x","http1042018080wwwpaypalcomwwwpaypalcomnl2homehtml",2,75.219408,349
"nexus5x","http1042018080wwwpaypalcomwwwpaypalcomnl2homehtml",3,76.618116,263
"nexus5x","http1042018080wwwpaypalcomwwwpaypalcomnl2homehtml",4,77.084352,613
"nexus5x","http1042018080wwwpaypalcomwwwpaypalcomnl2homehtml",5,77.084352,255
"nexus5x","http1042018080wwwbaiducomwwwbaiducom1indexhtml",1,62.21916,366
"nexus5x","http1042018080wwwbaiducomwwwbaiducom1indexhtml",2,75.71808,358
"nexus5x","http1042018080wwwbaiducomwwwbaiducom1indexhtml",3,77.58,535
"nexus5x","http1042018080wwwbaiducomwwwbaiducom1indexhtml",4,74.94228,426
"nexus5x","http1042018080wwwbaiducomwwwbaiducom1indexhtml",5,77.11452,385
"nexus5x","http1042018080awsamazoncomawsamazoncom2indexhtml",1,63.120816,545
"nexus5x","http1042018080awsamazoncomawsamazoncom2indexhtml",2,77.854176,278
"nexus5x","http1042018080awsamazoncomawsamazoncom2indexhtml",3,78.629616,342
"nexus5x","http1042018080awsamazoncomawsamazoncom2indexhtml",4,75.682944,351
"nexus5x","http1042018080awsamazoncomawsamazoncom2indexhtml",5,77.854176,309
"nexus5x","http1042018080wwwlinkedincomwwwlinkedincom1indexhtml",1,62.283816,448
"nexus5x","http1042018080wwwlinkedincomwwwlinkedincom1indexhtml",2,75.272652,253
"nexus5x","http1042018080wwwlinkedincomwwwlinkedincom1indexhtml",3,76.211604,233
"nexus5x","http1042018080wwwlinkedincomwwwlinkedincom1indexhtml",4,75.11616,220
"nexus5x","http1042018080wwwlinkedincomwwwlinkedincom1indexhtml",5,65.72664,270
"nexus5x","http1042018080nlgodaddycomnlgodaddycom3indexhtml",1,63.82224,605
"nexus5x","http1042018080nlgodaddycomnlgodaddycom3indexhtml",2,76.898016,332
"nexus5x","http1042018080nlgodaddycomnlgodaddycom3indexhtml",3,75.49704,375
"nexus5x","http1042018080nlgodaddycomnlgodaddycom3indexhtml",4,80.478288,347
"nexus5x","http1042018080nlgodaddycomnlgodaddycom3indexhtml",5,80.322624,310
"nexus5x","http1042018080wwwbookingcomwwwbookingcom3indexhtml",1,64.07424,317
"nexus5x","http1042018080wwwbookingcomwwwbookingcom3indexhtml",2,76.04928,371
"nexus5x","http1042018080wwwbookingcomwwwbookingcom3indexhtml",3,76.82688,272
"nexus5x","http1042018080wwwbookingcomwwwbookingcom3indexhtml",4,77.13792,595
"nexus5x","http1042018080wwwbookingcomwwwbookingcom3indexhtml",5,76.9824,275
"nexus5x","http1042018080wwwokezonecomwwwokezonecom1indexhtml",1,66.81168,390
"nexus5x","http1042018080wwwokezonecomwwwokezonecom1indexhtml",2,82.660032,282
"nexus5x","http1042018080wwwokezonecomwwwokezonecom1indexhtml",3,88.719696,366
"nexus5x","http1042018080wwwokezonecomwwwokezonecom1indexhtml",4,77.066496,277
"nexus5x","http1042018080wwwokezonecomwwwokezonecom1indexhtml",5,77.221872,351
"nexus5x","http1042018080dsalipaycomdsalipaycom2indexhtml",1,66.74976,236
"nexus5x","http1042018080dsalipaycomdsalipaycom2indexhtml",2,80.565408,204
"nexus5x","http1042018080dsalipaycomdsalipaycom2indexhtml",3,81.652032,263
"nexus5x","http1042018080dsalipaycomdsalipaycom2indexhtml",4,79.013088,216
"nexus5x","http1042018080dsalipaycomdsalipaycom2indexhtml",5,81.652032,250
"nexus5x","http1042018080wwwbaiducomwwwbaiducom0indexhtml",1,59.69502,407
"nexus5x","http1042018080wwwbaiducomwwwbaiducom0indexhtml",2,72.87444,568
"nexus5x","http1042018080wwwbaiducomwwwbaiducom0indexhtml",3,75.045168,380
"nexus5x","http1042018080wwwbaiducomwwwbaiducom0indexhtml",4,73.184544,332
"nexus5x","http1042018080wwwbaiducomwwwbaiducom0indexhtml",5,63.106164,357
"nexus5x","http1042018080wwwapplecomwwwapplecom0indexhtml",1,60.092928,231
"nexus5x","http1042018080wwwapplecomwwwapplecom0indexhtml",2,64.94418,232
"nexus5x","http1042018080wwwapplecomwwwapplecom0indexhtml",3,77.46354,252
"nexus5x","http1042018080wwwapplecomwwwapplecom0indexhtml",4,77.46354,300
"nexus5x","http1042018080wwwapplecomwwwapplecom0indexhtml",5,78.871968,297
"nexus5x","http1042018080wwwbbccomwwwbbccom3indexhtml",1,60.935616,455
"nexus5x","http1042018080wwwbbccomwwwbbccom3indexhtml",2,72.905112,380
"nexus5x","http1042018080wwwbbccomwwwbbccom3indexhtml",3,77.102208,430
"nexus5x","http1042018080wwwbbccomwwwbbccom3indexhtml",4,61.246512,466
"nexus5x","http1042018080wwwbbccomwwwbbccom3indexhtml",5,74.304144,503
"nexus5x","http1042018080dsalipaycomdsalipaycom3indexhtml",1,58.704912,231
"nexus5x","http1042018080dsalipaycomdsalipaycom3indexhtml",2,73.924704,273
"nexus5x","http1042018080dsalipaycomdsalipaycom3indexhtml",3,64.917072,239
"nexus5x","http1042018080dsalipaycomdsalipaycom3indexhtml",4,74.235312,263
"nexus5x","http1042018080dsalipaycomdsalipaycom3indexhtml",5,75.633048,261
"nexus5x","http1042018080wwwlinkedincomwwwlinkedincom2indexhtml",1,59.905656,233
"nexus5x","http1042018080wwwlinkedincomwwwlinkedincom2indexhtml",2,75.425256,434
"nexus5x","http1042018080wwwlinkedincomwwwlinkedincom2indexhtml",3,71.545356,227
"nexus5x","http1042018080wwwlinkedincomwwwlinkedincom2indexhtml",4,74.028492,279
"nexus5x","http1042018080wwwlinkedincomwwwlinkedincom2indexhtml",5,89.548092,279
"nexus5x","http1042018080wwwforbescomwwwforbescom3indexhtml",1,62.175852,324
"nexus5x","http1042018080wwwforbescomwwwforbescom3indexhtml",2,74.269908,300
"nexus5x","http1042018080wwwforbescomwwwforbescom3indexhtml",3,77.060844,370
"nexus5x","http1042018080wwwforbescomwwwforbescom3indexhtml",4,77.060844,582
"nexus5x","http1042018080wwwforbescomwwwforbescom3indexhtml",5,77.370948,326
"nexus5x","http1042018080wwwtheguardiancomwwwtheguardiancom1internationalhtml",1,63.066276,521
"nexus5x","http1042018080wwwtheguardiancomwwwtheguardiancom1internationalhtml",2,76.368096,658
"nexus5x","http1042018080wwwtheguardiancomwwwtheguardiancom1internationalhtml",3,75.429144,513
"nexus5x","http1042018080wwwtheguardiancomwwwtheguardiancom1internationalhtml",4,76.524588,569
"nexus5x","http1042018080wwwtheguardiancomwwwtheguardiancom1internationalhtml",5,75.585636,497
"nexus5x","http1042018080nlgodaddycomnlgodaddycom1indexhtml",1,65.046996,369
"nexus5x","http1042018080nlgodaddycomnlgodaddycom1indexhtml",2,77.370048,352
"nexus5x","http1042018080nlgodaddycomnlgodaddycom1indexhtml",3,77.682024,288
"nexus5x","http1042018080nlgodaddycomnlgodaddycom1indexhtml",4,80.957772,411
"nexus5x","http1042018080nlgodaddycomnlgodaddycom1indexhtml",5,57.247596,423
"nexus5x","http1042018080wwwtheguardiancomwwwtheguardiancom3internationalhtml",1,63.155736,552
"nexus5x","http1042018080wwwtheguardiancomwwwtheguardiancom3internationalhtml",2,77.933556,705
"nexus5x","http1042018080wwwtheguardiancomwwwtheguardiancom3internationalhtml",3,77.778,548
"nexus5x","http1042018080wwwtheguardiancomwwwtheguardiancom3internationalhtml",4,78.55578,546
"nexus5x","http1042018080wwwtheguardiancomwwwtheguardiancom3internationalhtml",5,76.22244,539
"nexus5x","http1042018080nlgodaddycomnlgodaddycom2indexhtml",1,64.48104,439
"nexus5x","http1042018080nlgodaddycomnlgodaddycom2indexhtml",2,76.600368,472
"nexus5x","http1042018080nlgodaddycomnlgodaddycom2indexhtml",3,77.377248,332
"nexus5x","http1042018080nlgodaddycomnlgodaddycom2indexhtml",4,72.405216,346
"nexus5x","http1042018080nlgodaddycomnlgodaddycom2indexhtml",5,81.5724,421
"nexus5x","http1042018080wwwamazoncomwwwamazoncom3indexhtml",1,61.020324,280
"nexus5x","http1042018080wwwamazoncomwwwamazoncom3indexhtml",2,76.702392,281
"nexus5x","http1042018080wwwamazoncomwwwamazoncom3indexhtml",3,82.136772,243
"nexus5x","http1042018080wwwamazoncomwwwamazoncom3indexhtml",4,75.615516,251
"nexus5x","http1042018080wwwamazoncomwwwamazoncom3indexhtml",5,79.031412,468
"nexus5x","http1042018080myoutubecommyoutubecom3indexhtml",1,61.91442,396
"nexus5x","http1042018080myoutubecommyoutubecom3indexhtml",2,69.78618,932
"nexus5x","http1042018080myoutubecommyoutubecom3indexhtml",3,70.84584,507
"nexus5x","http1042018080myoutubecommyoutubecom3indexhtml",4,55.40508,551
"nexus5x","http1042018080myoutubecommyoutubecom3indexhtml",5,73.11654,228
"nexus5x","http1042018080wwwbaiducomwwwbaiducom3indexhtml",1,58.7664,621
"nexus5x","http1042018080wwwbaiducomwwwbaiducom3indexhtml",2,73.11456,504
"nexus5x","http1042018080wwwbaiducomwwwbaiducom3indexhtml",3,76.32,455
"nexus5x","http1042018080wwwbaiducomwwwbaiducom3indexhtml",4,74.33568,1000
"nexus5x","http1042018080wwwbaiducomwwwbaiducom3indexhtml",5,74.64096,636
"nexus5x","http1042018080wwwwikipediaorgwwwwikipediaorg3indexhtml",1,81.9513,532
"nexus5x","http1042018080wwwwikipediaorgwwwwikipediaorg3indexhtml",2,79.6536,289
"nexus5x","http1042018080wwwwikipediaorgwwwwikipediaorg3indexhtml",3,78.42816,310
"nexus5x","http1042018080wwwwikipediaorgwwwwikipediaorg3indexhtml",4,76.28364,437
"nexus5x","http1042018080wwwwikipediaorgwwwwikipediaorg3indexhtml",5,75.97728,241
"nexus5x","http1042018080outlooklivecomoutlooklivecomowa0indexhtml",1,62.689068,303
"nexus5x","http1042018080outlooklivecomoutlooklivecomowa0indexhtml",2,64.711296,230
"nexus5x","http1042018080outlooklivecomoutlooklivecomowa0indexhtml",3,76.22244,288
"nexus5x","http1042018080outlooklivecomoutlooklivecomowa0indexhtml",4,75.600216,233
"nexus5x","http1042018080outlooklivecomoutlooklivecomowa0indexhtml",5,75.289104,269
"nexus5x","http1042018080wwwofficecomwwwofficecom0indexhtml",1,62.886384,266
"nexus5x","http1042018080wwwofficecomwwwofficecom0indexhtml",2,78.183072,401
"nexus5x","http1042018080wwwofficecomwwwofficecom0indexhtml",3,86.681232,400
"nexus5x","http1042018080wwwofficecomwwwofficecom0indexhtml",4,85.136112,359
"nexus5x","http1042018080wwwofficecomwwwofficecom0indexhtml",5,85.908672,246
"nexus5x","http1042018080wwwofficecomwwwofficecom1indexhtml",1,72.628992,437
"nexus5x","http1042018080wwwofficecomwwwofficecom1indexhtml",2,82.803312,241
"nexus5x","http1042018080wwwofficecomwwwofficecom1indexhtml",3,77.48136,882
"nexus5x","http1042018080wwwofficecomwwwofficecom1indexhtml",4,78.107472,960
"nexus5x","http1042018080wwwofficecomwwwofficecom1indexhtml",5,90.160128,265
"nexus5x","http1042018080stackoverflowcomstackoverflowcom0indexhtml",1,62.113032,269
"nexus5x","http1042018080stackoverflowcomstackoverflowcom0indexhtml",2,75.255336,309
"nexus5x","http1042018080stackoverflowcomstackoverflowcom0indexhtml",3,93.247776,249
"nexus5x","http1042018080stackoverflowcomstackoverflowcom0indexhtml",4,75.411792,254
"nexus5x","http1042018080stackoverflowcomstackoverflowcom0indexhtml",5,73.377864,320
"nexus5x","http1042018080stackoverflowcomstackoverflowcom2indexhtml",1,60.70896,452
"nexus5x","http1042018080stackoverflowcomstackoverflowcom2indexhtml",2,75.185712,256
"nexus5x","http1042018080stackoverflowcomstackoverflowcom2indexhtml",3,77.832,265
"nexus5x","http1042018080stackoverflowcomstackoverflowcom2indexhtml",4,73.473408,271
"nexus5x","http1042018080stackoverflowcomstackoverflowcom2indexhtml",5,76.27536,260
"nexus5x","http1042018080stackoverflowcomstackoverflowcom1indexhtml",1,61.712856,306
"nexus5x","http1042018080stackoverflowcomstackoverflowcom1indexhtml",2,77.257656,331
"nexus5x","http1042018080stackoverflowcomstackoverflowcom1indexhtml",3,64.821816,292
"nexus5x","http1042018080stackoverflowcomstackoverflowcom1indexhtml",4,75.39228,295
"nexus5x","http1042018080stackoverflowcomstackoverflowcom1indexhtml",5,76.791312,334
"nexus5x","http1042018080apacheorgapacheorg0indexhtml",1,61.189776,483
"nexus5x","http1042018080apacheorgapacheorg0indexhtml",2,76.720176,372
"nexus5x","http1042018080apacheorgapacheorg0indexhtml",3,75.633048,278
"nexus5x","http1042018080apacheorgapacheorg0indexhtml",4,74.701224,260
"nexus5x","http1042018080apacheorgapacheorg0indexhtml",5,75.943656,241
"nexus5x","http1042018080stackexchangecomstackexchangecom2indexhtml",1,60.681636,466
"nexus5x","http1042018080stackexchangecomstackexchangecom2indexhtml",2,70.924572,327
"nexus5x","http1042018080stackexchangecomstackexchangecom2indexhtml",3,75.580452,485
"nexus5x","http1042018080stackexchangecomstackexchangecom2indexhtml",4,75.890844,522
"nexus5x","http1042018080stackexchangecomstackexchangecom2indexhtml",5,74.959668,322
"nexus5x","http1042018080wwwpaypalcomwwwpaypalcomnl0homehtml",1,60.935436,319
"nexus5x","http1042018080wwwpaypalcomwwwpaypalcomnl0homehtml",2,76.905792,468
"nexus5x","http1042018080wwwpaypalcomwwwpaypalcomnl0homehtml",3,77.370948,476
"nexus5x","http1042018080wwwpaypalcomwwwpaypalcomnl0homehtml",4,78.30126,363
"nexus5x","http1042018080wwwpaypalcomwwwpaypalcomnl0homehtml",5,75.665376,261
"nexus5x","http1042018080wwwpaypalcomwwwpaypalcomnl3homehtml",1,61.202448,255
"nexus5x","http1042018080wwwpaypalcomwwwpaypalcomnl3homehtml",2,75.289968,313
"nexus5x","http1042018080wwwpaypalcomwwwpaypalcomnl3homehtml",3,76.855248,287
"nexus5x","http1042018080wwwpaypalcomwwwpaypalcomnl3homehtml",4,75.289968,249
"nexus5x","http1042018080wwwpaypalcomwwwpaypalcomnl3homehtml",5,76.385664,379
